cod,mpio_name,ADO|EU/LWAL+DNO,CR+PC/LWAL+DUL,CR/LFINF+DUH,CR/LFINF+DUL,CR/LFINF+DUM,CR/LWAL+DUH,CR/LWAL+DUL,CR/LWAL+DUM,MATO/LN,MCF/LWAL+DUH,MCF/LWAL+DUL,MCF/LWAL+DUM,MR/LWAL+DUH,MR/LWAL+DUL,MR/LWAL+DUM,MUR+ST/LWAL+DNO,MUR/LWAL+DNO,UNK,W+WO/LN+DNO
5001,Medellin,,,,,,,,,,,,,,,,,238810,,
5002,Abejorral,1340,13,0,0,0,0,10,0,2,0,71,0,0,0,0,25,627,435,7
5004,Abriaqui,24,6,0,0,0,0,4,0,0,0,21,0,0,0,0,9,169,71,1
5021,Alejandria,26,0,0,0,0,0,1,0,0,0,34,0,0,0,0,19,452,125,3
5030,Amaga,895,34,0,212,0,0,70,0,8,0,530,0,0,0,0,33,2582,622,38
5031,Amalfi,125,4,0,0,0,0,3,0,1,0,167,0,0,0,0,101,2325,786,82
5034,Andes,299,7,0,246,0,0,38,0,3,0,473,0,0,0,0,17,2435,254,27
5036,Angelopolis,192,6,0,0,0,0,4,0,1,0,43,0,0,0,0,24,512,113,9
5038,Angostura,304,3,0,0,0,0,6,0,0,0,39,0,0,0,0,14,331,157,5
5040,Anori,65,34,0,0,0,0,3,0,6,0,91,0,0,0,0,58,1241,243,126
5042,Santafe de Antioquia,1056,30,0,0,0,0,27,0,6,0,209,0,0,0,0,86,2054,1057,37
5044,Anza,37,4,0,0,0,0,2,0,0,0,34,0,0,0,0,19,427,90,4
5045,Apartado,19,34,852,3405,0,253,0,0,30,2706,1222,0,0,0,0,243,9586,1428,1713
5051,Arboletes,6,8,0,0,0,0,4,0,5,0,111,0,0,0,0,97,1688,436,965
5055,Argelia,17,2,0,0,0,0,3,0,1,0,41,0,0,0,0,24,491,170,13
5059,Armenia,29,3,0,0,0,0,1,0,0,0,25,0,0,0,0,15,327,114,1
5079,Barbosa,64,6,0,193,0,0,92,0,2,0,429,0,0,0,0,10,1688,94,33
5086,Belmira,142,3,0,0,0,0,1,0,1,0,26,0,0,0,0,14,323,98,1
5088,Bello,201,231,0,17896,3355,0,0,4976,25,0,2817,5091,0,0,1194,199,18158,2450,1569
5091,Betania,272,6,0,0,0,0,3,0,0,0,23,0,0,0,0,8,209,42,2
5093,Betulia,293,9,0,0,0,0,11,0,0,0,75,0,0,0,0,33,735,181,8
5101,Ciudad Bolivar,963,11,0,0,0,0,15,0,1,0,174,0,0,0,0,73,1895,377,4
5107,Briceno,43,1,0,0,0,0,4,0,2,0,41,0,0,0,0,21,472,118,6
5113,Buritica,270,4,0,0,0,0,3,0,0,0,20,0,0,0,0,7,193,77,12
5120,Caceres,9,8,0,0,0,0,5,0,103,0,163,0,0,0,0,166,2690,814,792
5125,Caicedo,216,4,0,0,0,0,3,0,1,0,16,0,0,0,0,6,145,78,5
5129,Caldas,560,75,529,2823,0,318,0,0,12,873,635,0,183,0,0,50,2873,383,94
5134,Campamento,200,1,0,0,0,0,3,0,1,0,32,0,0,0,0,16,357,115,2
5138,Canasgordas,83,2,0,0,0,0,4,0,4,0,63,0,0,0,0,39,824,193,7
5142,Caracoli,6,0,0,0,0,0,18,0,0,0,68,0,0,0,0,18,374,47,5
5145,Caramanta,374,13,0,0,0,0,6,0,1,0,30,0,0,0,0,12,239,169,2
5147,Carepa,8,14,0,367,0,0,86,0,12,0,1129,0,0,0,0,114,6262,1142,1025
5148,El Carmen de Viboral,99,10,0,325,0,0,27,0,0,0,839,0,0,0,0,13,4569,542,4
5150,Carolina,415,3,0,0,0,0,5,0,1,0,37,0,0,0,0,15,373,209,1
5154,Caucasia,15,28,0,1650,412,0,0,398,138,0,549,2354,0,0,0,231,9168,2225,2106
5172,Chigorodo,28,48,272,1089,0,110,0,0,16,1740,718,0,0,0,0,224,6218,1175,780
5190,Cisneros,247,3,0,0,0,0,7,0,1,0,82,0,0,0,0,37,901,173,10
5197,Cocorna,15,0,0,0,0,0,93,0,0,0,294,0,0,0,0,48,1112,482,3
5206,Concepcion,221,1,0,0,0,0,0,0,0,0,21,0,0,0,0,10,261,207,1
5209,Concordia,233,13,0,0,0,0,3,0,4,0,97,0,0,0,0,61,1328,191,16
5212,Copacabana,830,41,0,1886,354,0,0,142,0,0,450,885,0,0,123,13,3118,177,8
5234,Dabeiba,67,14,0,0,0,0,3,0,7,0,123,0,0,0,0,97,1880,268,154
5237,Don Matias,43,6,0,0,0,0,30,0,0,0,181,0,0,0,0,50,1392,169,0
5240,Ebejico,185,0,0,0,0,0,3,0,0,0,41,0,0,0,0,21,508,131,2
5250,El Bagre,10,16,0,181,0,0,17,0,350,0,967,0,0,0,0,164,6146,2588,1209
5264,Entrerrios,64,2,0,0,0,0,3,0,0,0,66,0,0,0,0,28,764,75,2
5266,Envigado,65,54,0,4434,831,0,0,1134,0,0,1193,2120,0,0,321,9,7547,799,5
5282,Fredonia,399,12,0,0,0,0,3,0,3,0,104,0,0,0,0,49,1291,246,9
5284,Frontino,114,8,0,0,0,0,6,0,1,0,147,0,0,0,0,95,2029,349,51
5306,Giraldo,6,0,0,0,0,0,0,0,0,0,10,0,0,0,0,8,147,34,1
5308,Girardota,39,16,0,289,0,0,10,0,0,0,430,0,0,0,0,7,2367,132,1
5310,Gomez Plata,392,4,0,0,0,0,4,0,0,0,65,0,0,0,0,33,801,382,2
5313,Granada,6,1,0,0,0,0,2,0,0,0,47,0,0,0,0,22,592,193,34
5315,Guadalupe,243,2,0,0,0,0,1,0,1,0,22,0,0,0,0,13,300,96,2
5318,Guarne,35,27,0,0,0,0,33,0,1,0,263,0,0,0,0,84,2398,230,12
5321,Guatape,21,4,0,0,0,0,67,0,0,0,220,0,0,0,0,29,820,266,0
5347,Heliconia,433,2,0,0,0,0,1,0,2,0,27,0,0,0,0,18,365,264,4
5353,Hispania,7,1,0,0,0,0,1,0,0,0,42,0,0,0,0,21,552,71,0
5360,Itagui,467,54,0,12063,2263,0,0,1061,4,0,1331,2473,0,0,796,41,8782,871,152
5361,Ituango,696,3,0,0,0,0,13,0,13,0,99,0,0,0,0,53,1068,608,55
5364,Jardin,30,2,0,0,0,0,127,0,2,0,382,0,0,0,0,44,1162,312,11
5368,Jerico,237,22,0,0,0,0,6,0,1,0,102,0,0,0,0,51,1225,206,3
5376,La Ceja,250,14,0,725,181,0,0,606,1,0,528,1526,0,0,0,14,5723,1105,5
5380,La Estrella,377,44,0,1462,366,0,0,234,2,0,363,1220,0,0,0,16,4573,343,27
5390,La Pintada,5,6,0,0,0,0,18,0,12,0,123,0,0,0,0,58,1246,221,19
5400,La Union,39,7,0,0,0,0,174,0,0,0,527,0,0,0,0,71,1705,139,2
5411,Liborina,261,4,0,0,0,0,9,0,0,0,68,0,0,0,0,31,697,478,0
5425,Maceo,87,4,0,0,0,0,40,0,0,0,127,0,0,0,0,26,538,142,21
5440,Marinilla,161,8,0,880,166,0,0,1296,3,0,361,557,0,0,57,6,1961,309,8
5467,Montebello,59,1,0,0,0,0,0,0,1,0,26,0,0,0,0,15,340,114,3
5475,Murindo,3,4,0,0,0,0,0,0,1,0,3,0,0,0,0,1,21,63,447
5480,Mutata,3,26,0,0,0,0,3,0,10,0,71,0,0,0,0,55,1048,523,744
5483,Narino,2,3,0,0,0,0,8,0,1,0,61,0,0,0,0,33,666,169,2
5490,Necocli,15,18,0,79,0,0,34,0,59,0,419,0,0,0,0,65,2384,1286,1554
5495,Nechi,32,47,0,0,0,0,3,0,97,0,110,0,0,0,0,126,1830,607,918
5501,Olaya,88,3,0,0,0,0,13,0,1,0,41,0,0,0,0,6,146,135,10
5541,Penol,76,4,0,0,0,0,35,0,1,0,218,0,0,0,0,73,1841,268,6
5543,Peque,56,3,0,0,0,0,3,0,0,0,36,0,0,0,0,25,486,148,4
5576,Pueblorrico,56,0,0,0,0,0,3,0,3,0,64,0,0,0,0,34,819,150,6
5579,Puerto Berrio,18,15,0,140,0,0,50,0,18,0,902,0,0,0,0,70,5048,1069,1096
5585,Puerto Nare,2,41,0,0,0,0,3,0,8,0,158,0,0,0,0,121,2410,644,208
5591,Puerto Triunfo,3,54,0,0,0,0,19,0,9,0,226,0,0,0,0,122,2701,487,165
5604,Remedios,19,7,0,0,0,0,3,0,19,0,205,0,0,0,0,134,2830,750,382
5607,Retiro,20,4,0,0,0,0,9,0,0,0,187,0,0,0,0,67,1863,377,6
5615,Rionegro,676,45,0,1246,312,0,0,278,2,0,651,2262,0,0,0,11,8482,1389,14
5628,Sabanalarga,246,1,0,0,0,0,1,0,0,0,25,0,0,0,0,19,378,233,1
5631,Sabaneta,10,20,0,1960,368,0,0,312,2,0,378,695,0,0,133,4,2457,262,2
5642,Salgar,64,1,0,0,0,0,59,0,1,0,207,0,0,0,0,42,993,115,7
5647,San Andres de Cuerquia,38,0,0,0,0,0,0,0,2,0,40,0,0,0,0,30,611,166,4
5649,San Carlos,20,3,0,0,0,0,5,0,1,0,111,0,0,0,0,58,1402,345,17
5652,San Francisco,6,2,0,0,0,0,44,0,0,0,138,0,0,0,0,28,569,395,30
5656,San Jeronimo,91,9,0,0,0,0,5,0,1,0,70,0,0,0,0,30,785,1177,2
5658,San Jose de La Montana,155,0,0,0,0,0,2,0,0,0,24,0,0,0,0,13,302,115,0
5659,San Juan de Uraba,4,4,0,0,0,0,1,0,14,0,86,0,0,0,0,81,1382,421,899
5660,San Luis,3,2,0,0,0,0,3,0,1,0,105,0,0,0,0,59,1394,248,4
5664,San Pedro,130,13,0,0,0,0,11,0,0,0,130,0,0,0,0,49,1350,163,2
5665,San Pedro de Uraba,10,3,0,0,0,0,4,0,12,0,143,0,0,0,0,153,2334,625,694
5667,San Rafael,40,1,0,0,0,0,10,0,0,0,122,0,0,0,0,58,1397,265,9
5670,San Roque,540,5,0,0,0,0,7,0,1,0,124,0,0,0,0,71,1575,490,28
5674,San Vicente,131,4,0,0,0,0,1,0,0,0,36,0,0,0,0,16,432,71,7
5679,Santa Barbara,721,29,0,0,0,0,3,0,2,0,107,0,0,0,0,52,1347,347,6
5686,Santa Rosa de Osos,263,20,0,0,0,0,17,0,0,0,155,0,0,0,0,61,1561,457,2
5690,Santo Domingo,421,3,0,0,0,0,4,0,3,0,54,0,0,0,0,30,669,354,2
5697,El Santuario,32,11,0,135,0,0,19,0,0,0,433,0,0,0,0,4,2283,367,0
5736,Segovia,170,33,0,181,0,0,67,0,40,0,806,0,0,0,0,71,4208,1073,692
5756,Sonson,1401,18,0,0,0,0,12,0,1,0,242,0,0,0,0,136,3083,719,60
5761,Sopetran,212,13,0,0,0,0,42,0,0,0,181,0,0,0,0,48,1157,542,2
5789,Tamesis,371,2,0,0,0,0,7,0,0,0,128,0,0,0,0,61,1522,305,8
5790,Taraza,37,21,0,0,0,0,4,0,55,0,194,0,0,0,0,157,2998,1650,736
5792,Tarso,3,2,0,0,0,0,1,0,1,0,28,0,0,0,0,18,383,28,2
5809,Titiribi,239,11,0,0,0,0,5,0,1,0,63,0,0,0,0,31,733,258,2
5819,Toledo,112,3,0,0,0,0,2,0,2,0,24,0,0,0,0,13,306,148,5
5837,Turbo,36,69,334,1334,0,300,0,0,38,2423,1044,0,0,0,0,373,8973,4115,5355
5842,Uramita,80,1,0,0,0,0,0,0,1,0,22,0,0,0,0,15,317,70,5
5847,Urrao,70,7,0,0,0,0,8,0,5,0,238,0,0,0,0,136,3140,642,97
5854,Valdivia,3,1,0,0,0,0,3,0,3,0,47,0,0,0,0,29,625,200,41
5856,Valparaiso,243,2,0,0,0,0,33,0,0,0,116,0,0,0,0,25,560,171,2
5858,Vegachi,16,4,0,0,0,0,3,0,0,0,104,0,0,0,0,71,1501,171,33
5861,Venecia,240,2,0,0,0,0,6,0,0,0,97,0,0,0,0,50,1183,235,6
5873,Vigia del Fuerte,6,0,0,0,0,0,0,0,3,0,3,0,0,0,0,3,41,233,1070
5885,Yali,267,1,0,0,0,0,1,0,0,0,33,0,0,0,0,23,458,106,7
5887,Yarumal,576,90,0,288,0,0,144,0,2,0,856,0,0,0,0,36,3765,799,40
5890,Yolombo,398,10,0,0,0,0,3,0,0,0,86,0,0,0,0,49,1131,345,45
5893,Yondo,4,24,0,0,0,0,3,0,7,0,133,0,0,0,0,104,2020,870,840
5895,Zaragoza,6,11,0,0,0,0,25,0,24,0,148,0,0,0,0,81,1496,412,353
8001,Barranquilla,47,1104,0,33811,5811,0,6575,0,105,0,11200,22055,0,0,2931,840,78843,12446,2560
8078,Baranoa,14,67,0,886,222,0,0,143,302,0,444,2051,0,0,0,149,7839,974,129
8137,Campo de La Cruz,66,35,0,35,0,0,6,0,44,0,542,0,0,0,0,89,3441,354,18
8141,Candelaria,21,40,0,0,0,0,0,0,8,0,156,0,0,0,0,137,2523,159,6
8296,Galapa,4,19,0,762,190,0,0,240,9,0,440,1663,0,0,0,72,6283,602,286
8372,Juan de Acosta,5,1,0,0,0,0,6,0,2,0,122,0,0,0,0,82,1651,129,2
8421,Luruaco,387,138,0,84,0,0,4,0,127,0,623,0,0,0,0,103,3997,433,48
8433,Malambo,26,75,0,1902,476,0,0,108,21,0,831,3586,0,0,0,186,13620,1960,311
8436,Manati,9,0,0,0,0,0,53,0,12,0,297,0,0,0,0,153,2843,249,2
8520,Palmar de Varela,1,0,0,24,0,0,2,0,25,0,544,0,0,0,0,55,3323,138,151
8549,Piojo,16,1,0,0,0,0,0,0,6,0,44,0,0,0,0,40,734,76,5
8558,Polonuevo,0,0,0,0,0,0,1,0,31,0,163,0,0,0,0,123,2501,130,0
8560,Ponedera,21,1,0,12,0,0,4,0,45,0,513,0,0,0,0,84,3284,236,186
8573,Puerto Colombia,7,46,0,746,186,0,0,57,11,0,307,1247,0,0,0,43,4727,752,285
8606,Repelon,500,4,0,18,0,0,4,0,9,0,635,0,0,0,0,91,4019,400,40
8634,Sabanagrande,0,5,0,212,0,0,2,0,7,0,752,0,0,0,0,65,4554,252,152
8638,Sabanalarga,165,56,0,588,147,0,0,43,99,0,650,3163,0,0,0,227,12089,1187,497
8675,Santa Lucia,18,125,0,0,0,0,1,0,52,0,116,0,0,0,0,112,1923,114,0
8685,Santo Tomas,1,11,0,124,0,0,6,0,21,0,710,0,0,0,0,56,4256,328,115
8758,Soledad,10,320,0,12837,2406,0,0,1346,22,0,7296,15088,0,0,879,558,53445,4308,247
8770,Suan,1,3,0,0,0,0,2,0,1,0,96,0,0,0,0,77,1491,81,0
8832,Tubara,69,4,0,0,0,0,2,0,5,0,97,0,0,0,0,75,1475,470,31
8849,Usiacuri,3,0,0,0,0,0,2,0,31,0,91,0,0,0,0,66,1363,92,2
11001,Bogota,,,,,,,,,,,,,,,,,256631,,
13001,Cartagena,468,1162,0,29613,5091,0,5375,0,325,0,9283,18756,0,0,2568,1206,68071,13703,10073
13006,Achi,51,4,0,0,0,0,2,0,18,0,62,0,0,0,0,114,1240,326,653
13030,Altos del Rosario,7,5,0,0,0,0,1,0,33,0,36,0,0,0,0,55,677,139,247
13042,Arenal,26,6,0,0,0,0,1,0,18,0,67,0,0,0,0,73,1148,285,112
13052,Arjona,663,83,0,424,106,0,0,469,312,0,500,2075,0,0,0,270,8305,1620,575
13062,Arroyohondo,202,33,0,0,0,0,0,0,8,0,56,0,0,0,0,55,927,71,18
13074,Barranco de Loba,51,1,0,0,0,0,1,0,36,0,70,0,0,0,0,103,1317,285,144
13140,Calamar,243,108,0,64,0,0,0,0,42,0,480,0,0,0,0,113,3240,354,48
13160,Cantagallo,0,0,0,0,0,0,1,0,6,0,38,0,0,0,0,33,593,195,172
13188,Cicuco,228,38,0,0,0,0,2,0,51,0,104,0,0,0,0,153,1950,363,125
13212,Cordoba,872,29,0,0,0,0,3,0,13,0,114,0,0,0,0,136,1941,447,50
13222,Clemencia,304,5,0,0,0,0,2,0,87,0,103,0,0,0,0,105,1694,251,335
13244,El Carmen de Bolivar,3020,11,0,341,85,0,0,23,282,0,316,1499,0,0,0,182,6028,1025,308
13248,El Guamo,600,1,0,0,0,0,1,0,17,0,50,0,0,0,0,72,928,186,7
13268,El Penon,20,1,0,0,0,0,0,0,14,0,40,0,0,0,0,56,741,172,228
13300,Hatillo de Loba,73,3,0,0,0,0,0,0,55,0,68,0,0,0,0,105,1318,271,350
13430,Magangue,794,573,0,834,208,0,0,371,808,0,846,3981,0,0,0,758,16958,2728,2379
13433,Mahates,744,24,0,35,0,0,3,0,102,0,508,0,0,0,0,84,3260,416,131
13440,Margarita,166,84,0,0,0,0,8,0,8,0,64,0,0,0,0,93,988,180,60
13442,Maria La Baja,121,200,0,84,22,0,0,16,986,0,229,1181,0,0,0,336,5450,663,681
13458,Montecristo,2,0,0,0,0,0,0,0,8,0,35,0,0,0,0,53,675,191,553
13468,Mompos,333,255,0,62,0,0,75,0,127,0,911,0,0,0,0,347,6021,1235,459
13473,Morales,24,21,0,0,0,0,0,0,17,0,74,0,0,0,0,130,1465,259,560
13490,Norosi,2,3,0,0,0,0,0,0,10,0,18,0,0,0,0,22,320,53,278
13549,Pinillos,21,49,0,0,0,0,2,0,155,0,64,0,0,0,0,218,1648,262,658
13580,Regidor,2,20,0,0,0,0,1,0,8,0,37,0,0,0,0,44,649,165,233
13600,Rio Viejo ,36,6,0,0,0,0,0,0,18,0,53,0,0,0,0,56,913,182,307
13620,San Cristobal,2,2,0,0,0,0,9,0,16,0,91,0,0,0,0,88,1296,117,1
13647,San Estanislao,344,38,0,0,0,0,1,0,54,0,150,0,0,0,0,167,2575,209,29
13650,San Fernando,202,109,0,0,0,0,0,0,2,0,46,0,0,0,0,84,940,228,93
13654,San Jacinto,926,12,0,35,0,0,4,0,93,0,500,0,0,0,0,103,3286,341,80
13655,San Jacinto del Cauca,13,1,0,0,0,0,0,0,50,0,27,0,0,0,0,57,573,231,312
13657,San Juan Nepomuceno,349,13,0,60,0,0,11,0,129,0,908,0,0,0,0,152,5797,752,134
13667,San Martin de Loba,83,11,0,0,0,0,2,0,45,0,97,0,0,0,0,112,1697,346,529
13670,San Pablo,6,31,0,35,0,0,2,0,35,0,460,0,0,0,0,115,3117,1000,1117
13673,Santa Catalina,111,6,0,0,0,0,2,0,48,0,163,0,0,0,0,129,2518,348,240
13683,Santa Rosa,2,192,0,0,0,0,1,0,3,0,111,0,0,0,0,80,1634,115,960
13688,Santa Rosa del Sur,21,9,0,0,0,0,3,0,10,0,204,0,0,0,0,164,3130,479,293
13744,Simiti,25,5,0,0,0,0,4,0,22,0,128,0,0,0,0,122,2031,593,430
13760,Soplaviento,216,26,0,0,0,0,1,0,4,0,91,0,0,0,0,88,1511,122,15
13780,Talaigua Nuevo,262,118,0,0,0,0,0,0,7,0,99,0,0,0,0,147,1878,229,19
13810,Tiquisio,11,77,0,0,0,0,0,0,18,0,57,0,0,0,0,73,1033,339,659
13836,Turbaco,23,23,0,1202,300,0,0,102,53,0,658,2776,0,0,0,93,10500,1805,277
13838,Turbana,121,3,0,0,0,0,1,0,41,0,158,0,0,0,0,106,2314,161,257
13873,Villanueva,151,10,0,32,0,0,3,0,39,0,365,0,0,0,0,67,2352,190,1188
13894,Zambrano,153,5,0,0,0,0,1,0,122,0,103,0,0,0,0,107,1731,252,46
15001,Tunja,276,370,892,3568,0,712,0,0,7,4772,2567,0,0,0,0,105,16859,2842,17
15022,Almeida,7,3,0,0,0,0,0,0,0,0,5,0,0,0,0,3,65,20,1
15047,Aquitania,44,8,0,0,0,0,3,0,1,0,87,0,0,0,0,50,1129,238,7
15051,Arcabuco,3,9,0,0,0,0,6,0,2,0,47,0,0,0,0,15,411,57,0
15087,Belen,60,1,0,0,0,0,1,0,1,0,70,0,0,0,0,36,925,146,0
15090,Berbeo,23,2,0,0,0,0,1,0,0,0,7,0,0,0,0,4,88,36,3
15092,Beteitiva,19,0,0,0,0,0,0,0,0,0,4,0,0,0,0,3,60,26,0
15097,Boavita,115,0,0,0,0,0,1,0,0,0,33,0,0,0,0,19,435,89,0
15104,Boyaca,9,2,0,0,0,0,0,0,0,0,14,0,0,0,0,7,166,24,0
15106,Briceno,1,0,0,0,0,0,0,0,0,0,9,0,0,0,0,5,111,35,0
15109,Buenavista,6,0,0,0,0,0,0,0,0,0,11,0,0,0,0,7,151,20,0
15114,Busbanza,14,0,0,0,0,0,2,0,0,0,7,0,0,0,0,3,77,52,0
15131,Caldas,10,0,0,0,0,0,0,0,0,0,7,0,0,0,0,6,115,44,1
15135,Campohermoso,38,6,0,0,0,0,0,0,0,0,10,0,0,0,0,8,151,59,2
15162,Cerinza,8,1,0,0,0,0,0,0,0,0,27,0,0,0,0,15,356,71,1
15172,Chinavita,12,1,0,0,0,0,0,0,0,0,23,0,0,0,0,14,311,111,0
15176,Chiquinquira,63,54,0,1246,312,0,0,72,4,0,332,1297,0,0,0,52,4986,909,31
15180,Chiscas,127,2,0,0,0,0,0,0,0,0,12,0,0,0,0,8,159,137,0
15183,Chita,113,5,0,0,0,0,1,0,0,0,20,0,0,0,0,15,271,177,6
15185,Chitaraque,0,0,0,0,0,0,0,0,0,0,17,0,0,0,0,9,232,51,0
15187,Chivata,6,0,0,0,0,0,0,0,0,0,6,0,0,0,0,3,88,9,1
15189,Cienega,11,1,0,0,0,0,0,0,0,0,20,0,0,0,0,10,270,94,0
15204,Combita,13,1,0,0,0,0,0,0,0,0,21,0,0,0,0,12,284,36,0
15212,Coper,2,7,0,0,0,0,9,0,0,0,31,0,0,0,0,9,180,48,1
15215,Corrales,150,1,0,0,0,0,0,0,0,0,16,0,0,0,0,10,223,52,0
15218,Covarachia,21,1,0,0,0,0,0,0,0,0,7,0,0,0,0,5,106,30,0
15223,Cubara,2,2,0,0,0,0,2,0,14,0,34,0,0,0,0,28,516,185,77
15224,Cucaita,53,2,0,0,0,0,0,0,1,0,18,0,0,0,0,14,275,55,0
15226,Cuitiva,6,3,0,0,0,0,2,0,0,0,10,0,0,0,0,3,78,43,0
15232,Chiquiza,3,0,0,0,0,0,0,0,0,0,4,0,0,0,0,4,69,29,0
15236,Chivor,3,1,0,0,0,0,0,0,0,0,9,0,0,0,0,6,129,13,3
15238,Duitama,223,68,832,3330,0,179,0,0,9,3022,1544,0,0,0,0,65,10651,2060,29
15244,El Cocuy,283,1,0,0,0,0,1,0,2,0,18,0,0,0,0,13,240,118,7
15248,El Espino,57,0,0,0,0,0,3,0,0,0,23,0,0,0,0,14,269,93,2
15272,Firavitoba,28,0,0,0,0,0,0,0,0,0,39,0,0,0,0,20,526,101,4
15276,Floresta,93,1,0,0,0,0,0,0,0,0,17,0,0,0,0,11,244,113,1
15293,Gachantiva,20,7,0,0,0,0,5,0,0,0,17,0,0,0,0,4,99,45,1
15296,Gameza,27,0,0,0,0,0,2,0,0,0,24,0,0,0,0,12,286,54,0
15299,Garagoa,39,50,0,0,0,0,9,0,4,0,204,0,0,0,0,104,2476,504,13
15317,Guacamayas,59,1,0,0,0,0,0,0,0,0,8,0,0,0,0,5,109,50,0
15322,Guateque,97,19,0,0,0,0,3,0,4,0,110,0,0,0,0,68,1456,341,10
15325,Guayata,27,23,0,0,0,0,0,0,0,0,14,0,0,0,0,11,207,129,2
15332,Guican,72,2,0,0,0,0,2,0,0,0,17,0,0,0,0,15,229,100,2
15362,Iza,61,2,0,0,0,0,1,0,0,0,19,0,0,0,0,10,238,95,4
15367,Jenesano,6,1,0,0,0,0,0,0,0,0,27,0,0,0,0,15,363,145,1
15368,Jerico,63,2,0,0,0,0,0,0,0,0,11,0,0,0,0,11,192,69,0
15377,Labranzagrande,56,1,0,0,0,0,0,0,0,0,14,0,0,0,0,11,208,53,5
15380,La Capilla,13,1,0,0,0,0,0,0,0,0,19,0,0,0,0,11,249,54,0
15401,La Victoria,3,1,0,0,0,0,0,0,0,0,5,0,0,0,0,4,80,28,1
15403,La Uvita,39,3,0,0,0,0,2,0,1,0,24,0,0,0,0,15,282,146,0
15407,Villa de Leyva,32,3,0,0,0,0,2,0,0,0,117,0,0,0,0,50,1410,366,9
15425,Macanal,22,0,0,0,0,0,1,0,0,0,17,0,0,0,0,10,232,58,1
15442,Maripi,3,2,0,0,0,0,0,0,0,0,11,0,0,0,0,10,168,54,38
15455,Miraflores,137,77,0,0,0,0,2,0,1,0,73,0,0,0,0,41,972,180,37
15464,Mongua,108,0,0,0,0,0,0,0,0,0,24,0,0,0,0,17,352,143,1
15466,Mongui,47,1,0,0,0,0,0,0,0,0,41,0,0,0,0,26,559,243,2
15469,Moniquira,10,8,0,0,0,0,8,0,4,0,187,0,0,0,0,77,2174,522,3
15476,Motavita,1,2,0,0,0,0,1,0,0,0,12,0,0,0,0,5,135,16,0
15480,Muzo,0,53,0,0,0,0,2,0,21,0,61,0,0,0,0,36,834,69,153
15491,Nobsa,45,7,0,0,0,0,35,0,1,0,266,0,0,0,0,86,2402,395,1
15494,Nuevo Colon,5,1,0,0,0,0,0,0,1,0,16,0,0,0,0,10,222,84,1
15500,Oicata,4,0,0,0,0,0,0,0,0,0,7,0,0,0,0,3,79,37,1
15507,Otanche,0,9,0,0,0,0,3,0,5,0,24,0,0,0,0,14,294,72,255
15511,Pachavita,9,1,0,0,0,0,0,0,0,0,10,0,0,0,0,7,125,38,1
15514,Paez,27,20,0,0,0,0,3,0,0,0,27,0,0,0,0,14,310,119,18
15516,Paipa,58,40,0,0,0,0,13,0,0,0,339,0,0,0,0,144,3981,1001,4
15518,Pajarito,0,0,0,0,0,0,0,0,1,0,20,0,0,0,0,13,289,64,7
15522,Panqueba,16,2,0,0,0,0,0,0,0,0,11,0,0,0,0,7,143,48,0
15531,Pauna,0,5,0,0,0,0,1,0,2,0,36,0,0,0,0,25,494,65,22
15533,Paya,57,0,0,0,0,0,0,0,0,0,4,0,0,0,0,4,66,36,3
15537,Paz de Rio,12,1,0,0,0,0,1,0,0,0,42,0,0,0,0,23,553,142,0
15542,Pesca,8,0,0,0,0,0,0,0,1,0,6,0,0,0,0,3,85,10,1
15550,Pisba,47,1,0,0,0,0,0,0,1,0,6,0,0,0,0,4,87,52,5
15572,Puerto Boyaca,7,30,0,286,0,0,42,0,101,0,1217,0,0,0,0,83,6973,2159,1218
15580,Quipama,1,1,0,0,0,0,0,0,2,0,17,0,0,0,0,13,246,66,73
15599,Ramiriqui,32,1,0,0,0,0,3,0,0,0,73,0,0,0,0,37,887,351,5
15600,Raquira,37,7,0,0,0,0,0,0,0,0,31,0,0,0,0,20,432,63,3
15621,Rondon,6,1,0,0,0,0,0,0,0,0,10,0,0,0,0,6,129,72,1
15632,Saboya,42,2,0,0,0,0,6,0,1,0,27,0,0,0,0,9,211,54,0
15638,Sachica,9,4,0,0,0,0,0,0,0,0,35,0,0,0,0,18,471,78,1
15646,Samaca,22,14,0,0,0,0,3,0,0,0,102,0,0,0,0,46,1259,132,2
15660,San Eduardo,16,0,0,0,0,0,2,0,0,0,16,0,0,0,0,11,196,62,2
15664,San Jose de Pare,1,3,0,0,0,0,0,0,1,0,14,0,0,0,0,9,205,32,10
15667,San Luis de Gaceno,11,11,0,0,0,0,4,0,1,0,47,0,0,0,0,30,588,157,14
15673,San Mateo,57,0,0,0,0,0,0,0,0,0,18,0,0,0,0,12,256,142,1
15676,San Miguel de Sema,10,0,0,0,0,0,0,0,0,0,6,0,0,0,0,4,79,24,0
15681,San Pablo de Borbur,0,7,0,0,0,0,0,0,0,0,5,0,0,0,0,4,78,20,86
15686,Santana,7,8,0,0,0,0,3,0,5,0,50,0,0,0,0,28,643,115,11
15690,Santa Maria,3,4,0,0,0,0,0,0,2,0,33,0,0,0,0,23,491,86,11
15693,Santa Rosa de Viterbo,58,2,0,0,0,0,8,0,1,0,164,0,0,0,0,70,1861,182,2
15696,Santa Sofia,19,1,0,0,0,0,1,0,0,0,14,0,0,0,0,8,164,87,1
15720,Sativanorte,69,0,0,0,0,0,0,0,0,0,9,0,0,0,0,7,136,224,0
15723,Sativasur,19,1,0,0,0,0,0,0,0,0,3,0,0,0,0,3,48,41,0
15740,Siachoque,20,0,0,0,0,0,0,0,0,0,14,0,0,0,0,10,196,81,0
15753,Soata,110,4,0,0,0,0,17,0,0,0,116,0,0,0,0,41,1053,203,1
15755,Socota,77,2,0,0,0,0,0,0,0,0,16,0,0,0,0,11,231,48,0
15757,Socha,82,4,0,0,0,0,1,0,2,0,67,0,0,0,0,32,846,111,3
15759,Sogamoso,131,70,1018,4070,0,336,0,0,7,3467,1816,0,0,0,0,43,12155,1884,18
15761,Somondoco,21,3,0,0,0,0,0,0,0,0,12,0,0,0,0,6,147,74,0
15762,Sora,16,3,0,0,0,0,0,0,0,0,7,0,0,0,0,4,84,35,0
15763,Sotaquira,34,1,0,0,0,0,0,0,0,0,17,0,0,0,0,12,239,54,0
15764,Soraca,3,1,0,0,0,0,21,0,1,0,62,0,0,0,0,11,208,34,2
15774,Susacon,4,0,0,0,0,0,0,0,0,0,2,0,0,0,0,1,25,3,0
15776,Sutamarchan,5,1,0,0,0,0,1,0,0,0,31,0,0,0,0,14,381,97,1
15778,Sutatenza,16,2,0,0,0,0,0,0,0,0,13,0,0,0,0,8,161,59,4
15790,Tasco,51,0,0,0,0,0,0,0,1,0,27,0,0,0,0,17,374,114,2
15798,Tenza,46,2,0,0,0,0,0,0,0,0,18,0,0,0,0,11,241,130,0
15804,Tibana,44,0,0,0,0,0,0,0,0,0,26,0,0,0,0,17,359,102,1
15806,Tibasosa,32,6,0,0,0,0,7,0,7,0,88,0,0,0,0,34,928,180,7
15808,Tinjaca,1,35,0,0,0,0,0,0,0,0,13,0,0,0,0,6,157,71,0
15810,Tipacoque,10,0,0,0,0,0,1,0,0,0,10,0,0,0,0,7,141,22,1
15814,Toca,36,2,0,0,0,0,1,0,1,0,39,0,0,0,0,22,521,82,3
15816,Togui,3,0,0,0,0,0,0,0,0,0,10,0,0,0,0,4,112,46,1
15820,Topaga,68,6,0,0,0,0,0,0,0,0,18,0,0,0,0,10,239,37,0
15822,Tota,34,0,0,0,0,0,0,0,0,0,10,0,0,0,0,7,154,83,1
15832,Tunungua,0,0,0,0,0,0,0,0,0,0,4,0,0,0,0,3,54,7,0
15835,Turmeque,77,13,0,0,0,0,0,0,0,0,27,0,0,0,0,22,393,123,3
15837,Tuta,18,1,0,0,0,0,0,0,0,0,34,0,0,0,0,20,474,68,1
15839,Tutaza,3,1,0,0,0,0,0,0,0,0,1,0,0,0,0,1,23,4,0
15842,Umbita,13,2,0,0,0,0,1,0,0,0,20,0,0,0,0,12,243,65,1
15861,Ventaquemada,10,4,0,0,0,0,2,0,0,0,50,0,0,0,0,26,619,65,1
15879,Viracacha,32,0,0,0,0,0,0,0,0,0,9,0,0,0,0,4,96,95,0
15897,Zetaquira,48,3,0,0,0,0,2,0,1,0,17,0,0,0,0,11,214,80,11
17001,Manizales,2547,850,1934,10315,0,4659,0,0,400,7843,6214,0,807,0,0,590,27627,3990,973
17013,Aguadas,490,39,0,0,0,0,13,0,3,0,158,0,0,0,0,81,1751,286,8
17042,Anserma,813,19,0,0,0,0,78,0,24,0,395,0,0,0,0,116,2797,397,47
17050,Aranzazu,417,15,0,0,0,0,18,0,5,0,82,0,0,0,0,35,571,111,13
17088,Belalcazar,222,59,0,0,0,0,4,0,11,0,40,0,0,0,0,26,476,77,13
17174,Chinchina,104,20,62,252,0,1485,0,0,61,1300,1012,0,0,0,0,35,4592,456,126
17272,Filadelfia,212,9,0,0,0,0,3,0,8,0,44,0,0,0,0,31,545,71,25
17380,La Dorada,52,46,0,700,174,0,0,152,78,0,666,3077,0,0,0,165,11594,2998,851
17388,La Merced,10,2,0,0,0,0,1,0,1,0,10,0,0,0,0,5,112,14,1
17433,Manzanares,7,5,0,0,0,0,33,0,2,0,150,0,0,0,0,75,1155,239,102
17442,Marmato,237,18,0,0,0,0,3,0,2,0,48,0,0,0,0,24,564,99,8
17444,Marquetalia,2,1,0,0,0,0,7,0,1,0,47,0,0,0,0,22,445,25,8
17446,Marulanda,82,4,0,0,0,0,5,0,1,0,20,0,0,0,0,15,152,156,95
17486,Neira,703,26,0,0,0,0,19,0,45,0,180,0,0,0,0,80,1628,393,79
17495,Norcasia,0,1,0,0,0,0,3,0,2,0,65,0,0,0,0,45,925,201,98
17513,Pacora,582,18,0,0,0,0,26,0,2,0,149,0,0,0,0,69,1310,256,5
17524,Palestina,78,4,0,0,0,0,6,0,53,0,128,0,0,0,0,76,1633,389,59
17541,Pensilvania,17,105,0,0,0,0,86,0,1,0,264,0,0,0,0,86,1061,431,654
17614,Riosucio,466,46,0,60,0,0,114,0,34,0,681,0,0,0,0,27,2990,436,70
17616,Risaralda,258,27,0,0,0,0,16,0,9,0,86,0,0,0,0,43,740,70,22
17653,Salamina,1099,118,0,0,0,0,21,0,20,0,118,0,0,0,0,70,1035,425,58
17662,Samana,14,8,0,0,0,0,13,0,3,0,125,0,0,0,0,79,1438,268,139
17665,San Jose,74,7,0,0,0,0,3,0,4,0,21,0,0,0,0,12,234,119,4
17777,Supia,185,4,0,0,0,0,8,0,5,0,195,0,0,0,0,96,2431,229,9
17867,Victoria,0,0,0,0,0,0,4,0,6,0,90,0,0,0,0,61,1255,262,46
17873,Villamaria,152,64,410,1642,0,870,0,0,81,1480,954,0,0,0,0,57,5306,740,160
17877,Viterbo,162,4,0,0,0,0,39,0,4,0,244,0,0,0,0,83,2103,221,9
18001,Florencia,50,104,582,2326,0,610,0,0,145,5840,2804,0,0,0,0,433,20750,6622,3806
18029,Albania,2,3,0,0,0,0,0,0,0,0,32,0,0,0,0,33,565,225,41
18094,Belen de Los Andaquies,6,2,0,0,0,0,2,0,11,0,63,0,0,0,0,57,958,137,170
18150,Cartagena del Chaira,4,72,0,0,0,0,7,0,43,0,137,0,0,0,0,114,1969,840,1258
18205,Curillo,0,10,0,0,0,0,5,0,3,0,67,0,0,0,0,49,896,368,405
18247,El Doncello,4,4,0,0,0,0,11,0,12,0,205,0,0,0,0,178,3099,496,404
18256,El Paujil,1,3,0,0,0,0,3,0,46,0,105,0,0,0,0,85,1605,254,221
18410,La Montanita,1,37,0,0,0,0,3,0,16,0,58,0,0,0,0,46,832,332,277
18460,Milan,7,2,0,0,0,0,2,0,1,0,29,0,0,0,0,25,432,414,184
18479,Morelia,1,0,0,0,0,0,0,0,2,0,20,0,0,0,0,17,309,47,18
18592,Puerto Rico,4,7,0,0,0,0,2,0,17,0,176,0,0,0,0,169,2930,685,322
18610,San Jose del Fragua,1,4,0,0,0,0,1,0,2,0,87,0,0,0,0,79,1413,518,463
18753,San Vicente del Caguan,14,23,0,109,0,0,13,0,27,0,511,0,0,0,0,69,3137,1166,1610
18756,Solano,1,8,0,0,0,0,5,0,5,0,43,0,0,0,0,27,518,235,342
18785,Solita,1,63,0,0,0,0,1,0,1,0,24,0,0,0,0,21,383,328,453
18860,Valparaiso,0,7,0,0,0,0,0,0,1,0,33,0,0,0,0,32,561,236,78
19001,Popayan,381,756,845,4503,0,723,0,0,300,9268,6684,0,364,0,0,511,30588,10993,3327
19022,Almaguer,390,13,0,0,0,0,0,0,1,0,16,0,0,0,0,16,239,336,3
19050,Argelia,32,6,0,0,0,0,1,0,12,0,49,0,0,0,0,45,788,54,120
19075,Balboa,299,4,0,0,0,0,0,0,14,0,67,0,0,0,0,64,1103,257,32
19100,Bolivar,1326,9,0,0,0,0,3,0,5,0,61,0,0,0,0,44,846,589,18
19110,Buenos Aires,256,3,0,0,0,0,1,0,10,0,70,0,0,0,0,51,1024,68,82
19130,Cajibio,74,23,0,0,0,0,2,0,3,0,47,0,0,0,0,34,678,260,27
19137,Caldono,107,4,0,0,0,0,3,0,2,0,36,0,0,0,0,22,428,98,6
19142,Caloto,260,14,0,0,0,0,2,0,70,0,108,0,0,0,0,76,1538,366,101
19212,Corinto,302,48,0,0,0,0,4,0,53,0,180,0,0,0,0,126,2579,517,73
19256,El Tambo,221,8,0,0,0,0,1,0,15,0,42,0,0,0,0,37,659,165,92
19290,Florencia,99,0,0,0,0,0,0,0,2,0,16,0,0,0,0,10,214,65,0
19300,Guachene ,127,5,0,0,0,0,0,0,8,0,189,0,0,0,0,163,3045,351,10
19318,Guapi,13,47,0,0,0,0,12,0,6,0,114,0,0,0,0,55,1152,508,1705
19355,Inza,384,2,0,0,0,0,0,0,5,0,24,0,0,0,0,19,361,140,33
19364,Jambalo,49,1,0,0,0,0,0,0,1,0,11,0,0,0,0,7,150,81,2
19392,La Sierra,136,7,0,0,0,0,0,0,17,0,17,0,0,0,0,23,310,169,30
19397,La Vega,596,4,0,0,0,0,0,0,3,0,26,0,0,0,0,29,431,654,10
19418,Lopez,1,7,0,0,0,0,3,0,4,0,28,0,0,0,0,17,317,168,376
19450,Mercaderes,1123,2,0,0,0,0,1,0,12,0,73,0,0,0,0,111,1358,485,12
19455,Miranda,120,8,0,32,0,0,21,0,16,0,778,0,0,0,0,56,4500,420,27
19473,Morales,194,3,0,0,0,0,0,0,14,0,36,0,0,0,0,32,577,420,15
19513,Padilla,122,0,0,0,0,0,2,0,4,0,72,0,0,0,0,60,1115,170,4
19517,Paez,454,6,0,0,0,0,2,0,6,0,53,0,0,0,0,43,772,249,20
19532,Patia,830,18,0,0,0,0,6,0,67,0,218,0,0,0,0,174,3218,694,87
19533,Piamonte,0,0,0,0,0,0,0,0,0,0,16,0,0,0,0,13,247,177,488
19548,Piendamo,111,52,0,0,0,0,3,0,39,0,160,0,0,0,0,108,2297,381,74
19573,Puerto Tejada,22,11,0,136,0,0,74,0,8,0,1177,0,0,0,0,77,6239,661,10
19585,Purace,256,25,0,0,0,0,0,0,1,0,23,0,0,0,0,18,360,103,124
19622,Rosas,22,4,0,0,0,0,1,0,3,0,29,0,0,0,0,21,416,77,14
19693,San Sebastian,499,0,0,0,0,0,0,0,1,0,4,0,0,0,0,6,78,275,14
19698,Santander de Quilichao,588,75,152,610,0,302,0,0,191,2083,1039,0,0,0,0,103,7348,2119,278
19701,Santa Rosa,148,1,0,0,0,0,0,0,3,0,8,0,0,0,0,10,135,144,127
19743,Silvia,170,5,0,0,0,0,2,0,1,0,57,0,0,0,0,36,786,411,5
19760,Sotara,163,3,0,0,0,0,0,0,1,0,9,0,0,0,0,10,158,182,19
19780,Suarez,181,0,0,0,0,0,0,0,6,0,78,0,0,0,0,63,1222,69,46
19785,Sucre,358,2,0,0,0,0,0,0,2,0,4,0,0,0,0,9,93,179,9
19807,Timbio,207,69,0,0,0,0,3,0,34,0,181,0,0,0,0,134,2642,528,97
19809,Timbiqui,8,8,0,0,0,0,3,0,3,0,40,0,0,0,0,27,464,299,1340
19821,Toribio,55,6,0,0,0,0,0,0,6,0,37,0,0,0,0,27,538,67,20
19824,Totoro,36,2,0,0,0,0,0,0,1,0,16,0,0,0,0,16,250,42,15
19845,Villa Rica,16,3,0,0,0,0,3,0,5,0,201,0,0,0,0,132,2835,341,9
20001,Valledupar,1450,257,0,8200,1537,0,0,2641,1305,0,5092,10900,0,0,561,899,39475,7374,2070
20011,Aguachica,379,30,0,948,236,0,0,85,660,0,768,3859,0,0,0,323,14853,3658,289
20013,Agustin Codazzi,868,15,0,672,168,0,0,85,186,0,373,1818,0,0,0,198,7141,997,279
20032,Astrea,422,1,0,0,0,0,1,0,65,0,109,0,0,0,0,132,1937,289,185
20045,Becerril,576,6,0,0,0,0,4,0,11,0,171,0,0,0,0,134,2552,605,87
20060,Bosconia,65,67,0,220,0,0,14,0,493,0,756,0,0,0,0,122,4736,1182,477
20175,Chimichagua,735,29,0,34,0,0,2,0,50,0,526,0,0,0,0,142,3615,761,190
20178,Chiriguana,1077,28,0,58,0,0,10,0,116,0,608,0,0,0,0,92,3786,1318,35
20228,Curumani,660,31,0,65,0,0,54,0,193,0,784,0,0,0,0,132,4629,1007,368
20238,El Copey,198,425,0,196,0,0,6,0,109,0,636,0,0,0,0,102,4067,785,97
20250,El Paso,1396,7,0,93,0,0,6,0,111,0,733,0,0,0,0,127,4728,2200,143
20295,Gamarra,251,3,0,0,0,0,2,0,110,0,130,0,0,0,0,121,2046,419,246
20310,Gonzalez,207,0,0,0,0,0,0,0,0,0,17,0,0,0,0,14,247,55,0
20383,La Gloria,188,9,0,0,0,0,1,0,34,0,92,0,0,0,0,84,1507,224,154
20400,La Jagua de Ibirico,315,27,0,168,0,0,5,0,383,0,909,0,0,0,0,104,5620,1916,402
20443,Manaure,191,1,0,0,0,0,0,0,7,0,70,0,0,0,0,60,1127,152,52
20517,Pailitas,183,4,0,0,0,0,2,0,53,0,180,0,0,0,0,168,2984,743,225
20550,Pelaya,375,12,0,0,0,0,3,0,73,0,190,0,0,0,0,177,3112,784,147
20570,Pueblo Bello,71,4,0,0,0,0,0,0,48,0,88,0,0,0,0,95,1525,358,74
20614,Rio de Oro,351,2,0,0,0,0,3,0,26,0,118,0,0,0,0,89,1732,300,15
20621,La Paz,166,6,0,99,0,0,67,0,73,0,620,0,0,0,0,74,3311,529,339
20710,San Alberto,2,4,0,119,0,0,23,0,8,0,584,0,0,0,0,48,3382,274,151
20750,San Diego,233,10,0,0,0,0,3,0,19,0,184,0,0,0,0,154,2923,353,63
20770,San Martin,73,6,0,0,0,0,2,0,61,0,193,0,0,0,0,173,3142,413,554
20787,Tamalameque,335,4,0,0,0,0,5,0,28,0,114,0,0,0,0,114,1797,451,149
23001,Monteria,299,161,0,6891,1292,0,0,2506,559,0,4975,10867,0,0,507,1336,40637,6492,5709
23068,Ayapel,16,77,0,19,0,0,42,0,465,0,671,0,0,0,0,313,4815,1006,218
23079,Buenavista,93,4,0,0,0,0,6,0,100,0,98,0,0,0,0,113,1566,257,410
23090,Canalete,4,35,0,0,0,0,1,0,12,0,34,0,0,0,0,44,589,133,569
23162,Cerete,292,22,0,372,93,0,0,125,567,0,533,2643,0,0,0,468,11118,1207,934
23168,Chima,172,33,0,0,0,0,0,0,32,0,47,0,0,0,0,85,919,122,36
23182,Chinu,409,29,0,35,0,0,23,0,169,0,594,0,0,0,0,95,3625,505,209
23189,Cienaga de Oro,278,11,0,72,0,0,16,0,233,0,788,0,0,0,0,275,5457,884,540
23300,Cotorra,44,6,0,0,0,0,0,0,26,0,88,0,0,0,0,135,1724,120,39
23350,La Apartada,2,2,0,0,0,0,6,0,35,0,147,0,0,0,0,143,2346,338,331
23417,Lorica,1128,88,0,249,62,0,0,49,360,0,430,2187,0,0,0,519,9729,1543,1410
23419,Los Cordobas,11,6,0,0,0,0,0,0,10,0,33,0,0,0,0,50,604,188,786
23464,Momil,512,238,0,0,0,0,2,0,41,0,109,0,0,0,0,130,1847,136,73
23466,Montelibano,68,60,0,791,198,0,0,192,113,0,459,2160,0,0,0,282,8596,2431,1678
23500,Monitos,59,6,0,0,0,0,1,0,112,0,73,0,0,0,0,100,1292,395,756
23555,Planeta Rica,130,46,0,410,102,0,0,142,214,0,329,1641,0,0,0,237,6635,892,734
23570,Pueblo Nuevo,148,19,0,0,0,0,4,0,89,0,127,0,0,0,0,168,2241,285,571
23574,Puerto Escondido,24,54,0,0,0,0,3,0,26,0,38,0,0,0,0,50,608,208,584
23580,Puerto Libertador,6,13,0,53,0,0,27,0,54,0,379,0,0,0,0,108,2432,631,1048
23586,Purisima,241,2,0,0,0,0,3,0,21,0,95,0,0,0,0,107,1585,178,36
23660,Sahagun,1403,18,0,348,88,0,0,177,295,0,448,2107,0,0,0,360,8797,1246,545
23670,San Andres Sotavento,212,4,0,0,0,0,6,0,345,0,98,0,0,0,0,115,1543,146,455
23672,San Antero,627,5,0,37,0,0,30,0,71,0,558,0,0,0,0,115,3441,636,386
23675,San Bernardo del Viento,201,20,0,0,0,0,6,0,130,0,141,0,0,0,0,158,2304,398,323
23678,San Carlos,156,4,0,0,0,0,1,0,39,0,74,0,0,0,0,112,1385,83,114
23682,San Jose de Ure(1),5,4,0,0,0,0,0,0,29,0,53,0,0,0,0,61,944,195,442
23686,San Pelayo,102,8,0,0,0,0,5,0,110,0,171,0,0,0,0,304,3328,308,295
23807,Tierralta,52,13,70,280,0,45,0,0,98,1448,560,0,0,0,0,327,5667,1495,2505
23815,Tuchin,47,4,0,0,0,0,1,0,74,0,24,0,0,0,0,42,436,20,81
23855,Valencia,3,11,0,0,0,0,11,0,21,0,171,0,0,0,0,197,2709,611,1162
25001,Agua de Dios,281,50,0,0,0,0,5,0,6,0,157,0,0,0,0,91,2101,852,6
25019,Alban,65,34,0,0,0,0,2,0,4,0,37,0,0,0,0,24,485,78,6
25035,Anapoima,6,11,0,0,0,0,13,0,9,0,111,0,0,0,0,39,1045,1353,9
25040,Anolaima,152,26,0,0,0,0,3,0,6,0,89,0,0,0,0,53,1151,82,8
25053,Arbelaez,28,9,0,0,0,0,2,0,4,0,57,0,0,0,0,28,705,178,4
25086,Beltran,54,9,0,0,0,0,0,0,1,0,18,0,0,0,0,15,296,114,1
25095,Bituima,17,5,0,0,0,0,0,0,0,0,9,0,0,0,0,7,127,49,2
25099,Bojaca,11,32,0,0,0,0,3,0,2,0,111,0,0,0,0,54,1384,95,2
25120,Cabrera,21,0,0,0,0,0,3,0,0,0,19,0,0,0,0,10,198,13,7
25123,Cachipay,11,26,0,0,0,0,1,0,5,0,58,0,0,0,0,30,756,136,9
25126,Cajica,15,159,0,2206,414,0,0,157,8,0,632,1158,0,0,171,17,4173,711,40
25148,Caparrapi,25,13,0,0,0,0,0,0,18,0,57,0,0,0,0,51,935,276,58
25151,Caqueza,19,11,0,0,0,0,6,0,2,0,104,0,0,0,0,45,1211,109,3
25154,Carmen de Carupa,41,1,0,0,0,0,0,0,1,0,30,0,0,0,0,20,431,107,5
25168,Chaguani,33,1,0,0,0,0,2,0,1,0,17,0,0,0,0,9,184,54,1
25175,Chia,58,652,0,1532,384,0,0,134,13,0,744,2675,0,0,0,38,10084,686,108
25178,Chipaque,86,7,0,0,0,0,1,0,0,0,30,0,0,0,0,18,376,77,0
25181,Choachi,46,9,0,0,0,0,5,0,0,0,74,0,0,0,0,31,813,158,2
25183,Choconta,35,6,0,0,0,0,3,0,0,0,81,0,0,0,0,38,999,74,0
25200,Cogua,5,91,0,0,0,0,2,0,0,0,158,0,0,0,0,71,1983,22,9
25214,Cota,44,142,0,191,0,0,11,0,5,0,539,0,0,0,0,9,2944,314,17
25224,Cucunuba,52,4,0,0,0,0,0,0,0,0,16,0,0,0,0,9,192,64,0
25245,El Colegio,7,22,0,0,0,0,12,0,3,0,211,0,0,0,0,89,2458,603,11
25258,El Penon,16,2,0,0,0,0,0,0,1,0,12,0,0,0,0,7,160,100,1
25260,El Rosal,3,32,0,0,0,0,1,0,0,0,219,0,0,0,0,100,2810,161,3
25269,Facatativa,85,341,0,2868,718,0,0,389,16,0,893,3210,0,0,0,49,12107,782,92
25279,Fomeque,9,7,0,0,0,0,1,0,0,0,74,0,0,0,0,34,937,126,3
25281,Fosca,45,2,0,0,0,0,1,0,0,0,20,0,0,0,0,11,260,60,0
25286,Funza,14,199,0,2362,590,0,0,269,6,0,686,2378,0,0,0,25,8947,862,18
25288,Fuquene,15,6,0,0,0,0,1,0,0,0,13,0,0,0,0,6,162,35,3
25290,Fusagasuga,18,69,792,3170,0,262,0,0,31,3913,2016,0,0,0,0,49,13698,3860,48
25293,Gachala,87,33,0,0,0,0,0,0,1,0,23,0,0,0,0,16,313,95,1
25295,Gachancipa,9,42,0,0,0,0,3,0,0,0,106,0,0,0,0,48,1293,52,6
25297,Gacheta,25,6,0,0,0,0,1,0,1,0,56,0,0,0,0,26,681,133,5
25299,Gama,35,2,0,0,0,0,0,0,0,0,10,0,0,0,0,8,148,57,1
25307,Girardot,253,76,380,1518,0,192,0,0,146,3620,1782,0,0,0,0,119,12729,3821,170
25312,Granada,4,88,0,0,0,0,0,0,3,0,33,0,0,0,0,21,453,51,3
25317,Guacheta,63,57,0,0,0,0,0,0,0,0,53,0,0,0,0,29,719,54,3
25320,Guaduas,61,34,0,0,0,0,6,0,19,0,298,0,0,0,0,162,3868,815,41
25322,Guasca,30,17,0,0,0,0,1,0,0,0,90,0,0,0,0,42,1145,38,7
25324,Guataqui,185,10,0,0,0,0,1,0,6,0,13,0,0,0,0,9,183,118,2
25326,Guatavita,1,2,0,0,0,0,0,0,0,0,37,0,0,0,0,17,474,109,0
25328,Guayabal de Siquima,8,16,0,0,0,0,0,0,1,0,17,0,0,0,0,10,237,75,4
25335,Guayabetal,0,27,0,0,0,0,1,0,0,0,39,0,0,0,0,21,501,83,2
25339,Gutierrez,47,0,0,0,0,0,0,0,0,0,13,0,0,0,0,14,206,92,0
25368,Jerusalen,12,21,0,0,0,0,0,0,1,0,8,0,0,0,0,6,117,46,1
25372,Junin,74,14,0,0,0,0,0,0,1,0,14,0,0,0,0,11,203,195,3
25377,La Calera,6,61,0,0,0,0,14,0,6,0,229,0,0,0,0,93,2509,324,10
25386,La Mesa,60,29,0,0,0,0,9,0,13,0,271,0,0,0,0,116,3265,1066,21
25394,La Palma,112,12,0,0,0,0,1,0,4,0,63,0,0,0,0,44,892,208,22
25398,La Pena,50,9,0,0,0,0,0,0,2,0,14,0,0,0,0,12,204,45,5
25402,La Vega,2,17,0,0,0,0,3,0,6,0,70,0,0,0,0,29,813,296,11
25407,Lenguazaque,42,22,0,0,0,0,0,0,0,0,34,0,0,0,0,21,484,57,4
25426,Macheta,27,4,0,0,0,0,0,0,0,0,16,0,0,0,0,9,211,47,0
25430,Madrid,29,241,0,2166,541,0,0,160,6,0,689,2615,0,0,0,31,9834,889,27
25436,Manta,20,0,0,0,0,0,0,0,0,0,12,0,0,0,0,7,144,83,1
25438,Medina,19,2,0,0,0,0,1,0,2,0,64,0,0,0,0,48,975,264,10
25473,Mosquera,15,80,0,1888,472,0,0,339,4,0,823,2944,0,0,0,30,11059,726,6
25483,Narino,82,4,0,0,0,0,0,0,1,0,21,0,0,0,0,15,312,389,2
25486,Nemocon,13,3,0,0,0,0,0,0,0,0,114,0,0,0,0,55,1464,120,4
25488,Nilo,19,8,0,0,0,0,11,0,6,0,95,0,0,0,0,38,945,107,5
25489,Nimaima,41,9,0,0,0,0,1,0,2,0,19,0,0,0,0,9,222,54,4
25491,Nocaima,56,42,0,0,0,0,0,0,4,0,29,0,0,0,0,15,373,179,1
25506,Venecia,9,13,0,0,0,0,3,0,0,0,25,0,0,0,0,12,248,42,8
25513,Pacho,43,31,0,0,0,0,5,0,6,0,201,0,0,0,0,107,2581,539,48
25518,Paime,33,7,0,0,0,0,0,0,1,0,11,0,0,0,0,10,170,59,22
25524,Pandi,35,11,0,0,0,0,2,0,1,0,21,0,0,0,0,11,244,134,3
25530,Paratebueno,4,5,0,0,0,0,3,0,10,0,73,0,0,0,0,43,990,119,42
25535,Pasca,6,7,0,0,0,0,0,0,2,0,38,0,0,0,0,29,549,48,10
25572,Puerto Salgar,4,14,0,0,0,0,14,0,6,0,219,0,0,0,0,136,2892,484,131
25580,Puli,23,6,0,0,0,0,0,0,0,0,10,0,0,0,0,7,156,47,0
25592,Quebradanegra,4,13,0,0,0,0,1,0,1,0,21,0,0,0,0,10,267,83,5
25594,Quetame,14,14,0,0,0,0,2,0,1,0,31,0,0,0,0,18,389,75,2
25596,Quipile,71,11,0,0,0,0,0,0,2,0,19,0,0,0,0,16,273,106,3
25599,Apulo,43,18,0,0,0,0,3,0,8,0,55,0,0,0,0,35,738,305,5
25612,Ricaurte,35,32,0,0,0,0,10,0,40,0,101,0,0,0,0,48,1119,2109,53
25645,San Antonio del Tequendama,7,10,0,0,0,0,1,0,2,0,40,0,0,0,0,19,510,146,2
25649,San Bernardo,95,79,0,0,0,0,1,0,1,0,43,0,0,0,0,25,568,94,28
25653,San Cayetano,0,3,0,0,0,0,0,0,1,0,15,0,0,0,0,12,242,52,6
25658,San Francisco,1,3,0,0,0,0,2,0,1,0,55,0,0,0,0,25,656,118,0
25662,San Juan de Rio Seco,164,58,0,0,0,0,3,0,5,0,67,0,0,0,0,44,921,267,19
25718,Sasaima,9,20,0,0,0,0,1,0,3,0,39,0,0,0,0,19,489,84,3
25736,Sesquile,33,64,0,0,0,0,1,0,0,0,73,0,0,0,0,40,983,136,14
25740,Sibate,7,147,0,281,0,0,19,0,12,0,699,0,0,0,0,24,3885,312,6
25743,Silvania,14,40,0,0,0,0,3,0,2,0,122,0,0,0,0,59,1545,717,13
25745,Simijaca,44,20,0,0,0,0,1,0,0,0,111,0,0,0,0,58,1470,197,10
25754,Soacha,83,1236,0,13075,2452,0,0,1890,782,0,5939,12218,0,0,901,576,43608,7674,871
25758,Sopo,24,38,0,0,0,0,4,0,2,0,219,0,0,0,0,98,2694,160,7
25769,Subachoque,22,24,0,0,0,0,2,0,0,0,131,0,0,0,0,59,1644,122,3
25772,Suesca,27,23,0,0,0,0,2,0,1,0,121,0,0,0,0,57,1552,186,4
25777,Supata,31,12,0,0,0,0,0,0,1,0,28,0,0,0,0,18,391,92,10
25779,Susa,61,15,0,0,0,0,0,0,1,0,26,0,0,0,0,15,341,65,1
25781,Sutatausa,6,13,0,0,0,0,0,0,0,0,31,0,0,0,0,17,405,64,8
25785,Tabio,14,63,0,0,0,0,3,0,1,0,140,0,0,0,0,62,1699,75,7
25793,Tausa,6,10,0,0,0,0,0,0,0,0,23,0,0,0,0,12,296,92,1
25797,Tena,7,32,0,0,0,0,0,0,1,0,29,0,0,0,0,16,385,156,2
25799,Tenjo,16,41,0,0,0,0,7,0,1,0,105,0,0,0,0,43,1138,47,11
25805,Tibacuy,31,8,0,0,0,0,0,0,0,0,14,0,0,0,0,10,207,68,11
25807,Tibirita,8,1,0,0,0,0,0,0,0,0,7,0,0,0,0,5,89,58,0
25815,Tocaima,278,61,0,0,0,0,45,0,24,0,235,0,0,0,0,93,1972,1284,18
25817,Tocancipa,20,185,0,339,0,0,17,0,0,0,621,0,0,0,0,11,3401,278,5
25823,Topaipi,21,11,0,0,0,0,3,0,8,0,18,0,0,0,0,10,184,62,25
25839,Ubala,74,11,0,0,0,0,0,0,0,0,16,0,0,0,0,13,233,77,6
25841,Ubaque,40,6,0,0,0,0,0,0,0,0,15,0,0,0,0,7,186,42,1
25843,Villa de San Diego de Ubate,85,91,0,484,0,0,10,0,1,0,862,0,0,0,0,23,4885,602,66
25845,Une,110,12,0,0,0,0,0,0,4,0,41,0,0,0,0,31,606,85,1
25851,Utica,57,8,0,0,0,0,0,0,5,0,33,0,0,0,0,19,436,195,10
25862,Vergara,43,25,0,0,0,0,1,0,6,0,20,0,0,0,0,13,264,97,14
25867,Viani,13,7,0,0,0,0,0,0,0,0,19,0,0,0,0,13,266,69,1
25871,Villagomez,24,26,0,0,0,0,0,0,1,0,8,0,0,0,0,5,106,25,5
25873,Villapinzon,30,7,0,0,0,0,0,0,0,0,54,0,0,0,0,27,702,56,1
25875,Villeta,15,137,0,0,0,0,10,0,45,0,285,0,0,0,0,125,3442,1204,54
25878,Viota,54,36,0,0,0,0,2,0,30,0,68,0,0,0,0,44,952,420,47
25885,Yacopi,15,12,0,0,0,0,0,0,16,0,49,0,0,0,0,39,753,209,110
25898,Zipacon,29,18,0,0,0,0,1,0,1,0,27,0,0,0,0,15,352,88,5
25899,Zipaquira,129,145,0,3552,888,0,0,133,3,0,773,2917,0,0,0,44,11003,933,57
27001,Quibdo,35,73,270,1084,0,469,0,0,27,3224,1562,0,0,0,0,277,11526,3976,4974
27006,Acandi,3,9,0,0,0,0,4,0,7,0,86,0,0,0,0,67,1251,472,516
27025,Alto Baudo,10,1,0,0,0,0,0,0,4,0,7,0,0,0,0,3,56,34,521
27050,Atrato,1,5,0,0,0,0,2,0,2,0,44,0,0,0,0,35,667,256,323
27073,Bagado,0,3,0,0,0,0,2,0,1,0,41,0,0,0,0,33,607,171,156
27075,Bahia Solano,3,9,0,0,0,0,10,0,0,0,64,0,0,0,0,31,600,176,651
27077,Bajo Baudo,3,6,0,0,0,0,3,0,1,0,34,0,0,0,0,23,459,74,707
27099,Bojaya,3,1,0,0,0,0,1,0,0,0,14,0,0,0,0,9,180,199,976
27135,El Canton del San Pablo,1,2,0,0,0,0,0,0,5,0,47,0,0,0,0,42,769,276,243
27150,Carmen del Darien,5,1,0,0,0,0,0,0,3,0,3,0,0,0,0,2,23,12,634
27160,Certegui,4,3,0,0,0,0,9,0,0,0,52,0,0,0,0,25,501,232,74
27205,Condoto,109,4,0,0,0,0,2,0,4,0,133,0,0,0,0,103,2019,504,270
27245,El Carmen de Atrato,163,15,0,0,0,0,2,0,0,0,28,0,0,0,0,15,344,56,24
27250,El Litoral del San Juan,2,24,0,0,0,0,1,0,1,0,7,0,0,0,0,4,65,56,496
27361,Istmina,9,35,0,83,0,0,70,0,4,0,618,0,0,0,0,37,3078,1339,1192
27372,Jurado,2,5,0,0,0,0,0,0,7,0,16,0,0,0,0,12,212,66,392
27413,Lloro,5,0,0,0,0,0,3,0,1,0,41,0,0,0,0,33,560,214,427
27425,Medio Atrato,1,0,0,0,0,0,0,0,1,0,10,0,0,0,0,8,136,41,494
27430,Medio Baudo,4,4,0,0,0,0,1,0,3,0,16,0,0,0,0,13,233,109,1209
27450,Medio San Juan,0,0,0,0,0,0,1,0,1,0,27,0,0,0,0,22,394,74,197
27491,Novita,3,4,0,0,0,0,3,0,8,0,54,0,0,0,0,36,720,147,268
27495,Nuqui,2,2,0,0,0,0,3,0,5,0,16,0,0,0,0,9,159,10,157
27580,Rio Iro,0,3,0,0,0,0,6,0,3,0,39,0,0,0,0,28,456,158,252
27600,Rio Quito,4,5,0,0,0,0,1,0,0,0,47,0,0,0,0,39,716,258,519
27615,Riosucio,12,34,0,11,0,0,10,0,77,0,156,0,0,0,0,43,973,764,4582
27660,San Jose del Palmar,20,11,0,0,0,0,4,0,14,0,32,0,0,0,0,21,368,163,124
27745,Sipi,2,1,0,0,0,0,3,0,0,0,20,0,0,0,0,13,224,81,350
27787,Tado,39,3,0,0,0,0,6,0,1,0,180,0,0,0,0,125,2561,504,228
27800,Unguia,5,20,0,0,0,0,1,0,12,0,60,0,0,0,0,57,968,374,722
27810,Union Panamericana,1,3,0,0,0,0,1,0,3,0,60,0,0,0,0,47,905,277,267
41001,Neiva,571,264,1271,6777,0,1664,0,0,834,11660,8430,0,617,0,0,851,38835,13034,1931
41006,Acevedo,190,6,0,0,0,0,0,0,9,0,46,0,0,0,0,37,720,222,18
41013,Agrado,552,3,0,0,0,0,6,0,30,0,63,0,0,0,0,39,764,311,71
41016,Aipe,276,7,0,0,0,0,2,0,64,0,154,0,0,0,0,109,2277,763,55
41020,Algeciras,193,2,0,0,0,0,2,0,34,0,148,0,0,0,0,143,2468,847,31
41026,Altamira,175,1,0,0,0,0,0,0,3,0,37,0,0,0,0,27,556,134,5
41078,Baraya,579,2,0,0,0,0,2,0,10,0,28,0,0,0,0,17,357,150,8
41132,Campoalegre,447,59,0,75,0,0,14,0,25,0,795,0,0,0,0,99,4898,957,15
41206,Colombia,430,3,0,0,0,0,1,0,3,0,20,0,0,0,0,13,272,296,9
41244,Elias,197,0,0,0,0,0,0,0,2,0,19,0,0,0,0,13,265,68,5
41298,Garzon,927,23,194,778,0,46,0,0,127,1504,682,0,0,0,0,103,5323,1369,139
41306,Gigante,429,10,0,0,0,0,8,0,9,0,187,0,0,0,0,129,2612,703,13
41319,Guadalupe,210,3,0,0,0,0,2,0,31,0,84,0,0,0,0,72,1314,254,85
41349,Hobo,209,41,0,0,0,0,0,0,22,0,63,0,0,0,0,52,987,381,10
41357,Iquira,370,14,0,0,0,0,1,0,21,0,34,0,0,0,0,31,553,579,72
41359,Isnos,82,3,0,0,0,0,1,0,12,0,77,0,0,0,0,65,1185,135,168
41378,La Argentina,105,28,0,0,0,0,2,0,5,0,70,0,0,0,0,56,1031,148,24
41396,La Plata,657,22,0,125,0,0,15,0,30,0,797,0,0,0,0,69,4710,1013,103
41483,Nataga,295,1,0,0,0,0,2,0,2,0,23,0,0,0,0,18,326,133,7
41503,Oporapa,322,0,0,0,0,0,1,0,6,0,32,0,0,0,0,25,478,102,15
41518,Paicol,219,0,0,0,0,0,0,0,3,0,36,0,0,0,0,24,520,141,6
41524,Palermo,541,2,0,0,0,0,6,0,35,0,241,0,0,0,0,156,3400,841,20
41530,Palestina,80,1,0,0,0,0,0,0,1,0,19,0,0,0,0,18,311,51,13
41548,Pital,284,0,0,0,0,0,2,0,3,0,57,0,0,0,0,39,809,236,4
41551,Pitalito,399,51,356,1428,0,93,0,0,55,2957,1397,0,0,0,0,160,10401,2539,155
41615,Rivera,340,12,0,0,0,0,6,0,20,0,218,0,0,0,0,154,3138,523,9
41660,Saladoblanco,80,2,0,0,0,0,2,0,3,0,24,0,0,0,0,14,287,56,16
41668,San Agustin,433,7,0,0,0,0,4,0,7,0,163,0,0,0,0,116,2365,462,80
41676,Santa Maria,105,6,0,0,0,0,2,0,3,0,38,0,0,0,0,25,507,157,7
41770,Suaza,300,1,0,0,0,0,3,0,15,0,76,0,0,0,0,53,1089,189,43
41791,Tarqui,531,6,0,0,0,0,3,0,25,0,81,0,0,0,0,63,1204,281,58
41797,Tesalia,274,1,0,0,0,0,2,0,3,0,94,0,0,0,0,69,1414,339,6
41799,Tello,416,4,0,0,0,0,1,0,15,0,73,0,0,0,0,65,1190,410,13
41801,Teruel,67,2,0,0,0,0,1,0,0,0,60,0,0,0,0,43,888,187,1
41807,Timana,491,6,0,0,0,0,0,0,19,0,94,0,0,0,0,67,1427,206,39
41872,Villavieja,615,18,0,0,0,0,1,0,7,0,53,0,0,0,0,53,899,305,23
41885,Yaguara,175,2,0,0,0,0,3,0,13,0,97,0,0,0,0,61,1347,268,28
44001,Riohacha,680,115,0,2000,500,0,0,251,1304,0,993,4320,0,0,0,314,16600,2280,807
44035,Albania,221,21,0,0,0,0,4,0,165,0,176,0,0,0,0,123,2553,127,70
44078,Barrancas,103,20,0,0,0,0,9,0,92,0,152,0,0,0,0,121,2114,472,21
44090,Dibulla,29,84,0,85,0,0,2,0,316,0,482,0,0,0,0,86,3122,557,203
44098,Distraccion,449,15,0,0,0,0,6,0,40,0,108,0,0,0,0,83,1563,272,3
44110,El Molino,102,1,0,0,0,0,1,0,0,0,66,0,0,0,0,58,1063,149,4
44279,Fonseca,576,47,0,148,0,0,64,0,246,0,1070,0,0,0,0,118,6113,903,92
44378,Hatonuevo,427,32,0,0,0,0,30,0,23,0,201,0,0,0,0,125,2149,566,16
44420,La Jagua del Pilar,69,0,0,0,0,0,0,0,5,0,22,0,0,0,0,19,346,43,3
44430,Maicao,105,317,0,1060,265,0,0,207,1089,0,493,2310,0,0,0,200,8830,1737,164
44560,Manaure,67,27,0,0,0,0,5,0,63,0,85,0,0,0,0,79,1251,482,37
44650,San Juan del Cesar,579,21,0,418,105,0,0,29,102,0,295,1507,0,0,0,140,5802,1418,152
44847,Uribia,35,24,0,0,0,0,6,0,87,0,74,0,0,0,0,58,970,950,55
44855,Urumita,163,0,0,0,0,0,7,0,2,0,113,0,0,0,0,78,1525,85,19
44874,Villanueva,292,1,0,23,0,0,146,0,32,0,660,0,0,0,0,56,2790,206,29
47001,Santa Marta,63,188,0,9597,1800,0,0,2259,722,0,6893,14695,0,0,692,921,52405,14036,1517
47030,Algarrobo,219,3,0,0,0,0,0,0,15,0,133,0,0,0,0,141,2330,386,33
47053,Aracataca,34,11,0,123,0,0,82,0,68,0,906,0,0,0,0,125,5065,336,189
47058,Ariguani,262,48,0,32,0,0,16,0,79,0,531,0,0,0,0,140,3534,535,378
47161,Cerro San Antonio,46,4,0,0,0,0,7,0,78,0,85,0,0,0,0,104,1297,163,41
47170,Chivolo,130,9,0,0,0,0,20,0,44,0,170,0,0,0,0,174,2317,431,190
47189,Cienaga,31,370,0,651,162,0,0,107,703,0,702,3554,0,0,0,468,14299,1968,612
47205,Concordia,174,3,0,0,0,0,0,0,72,0,102,0,0,0,0,125,1778,362,31
47245,El Banco,749,21,0,346,86,0,0,16,415,0,247,1363,0,0,0,365,6171,1248,611
47258,El Pinon,477,23,0,0,0,0,1,0,95,0,134,0,0,0,0,207,2586,545,110
47268,El Reten,29,20,0,0,0,0,0,0,69,0,133,0,0,0,0,147,2346,274,89
47288,Fundacion,49,233,0,744,186,0,0,81,104,0,455,2171,0,0,0,200,8365,1968,185
47318,Guamal,832,3,0,0,0,0,9,0,72,0,137,0,0,0,0,136,2066,373,160
47460,Nueva Granada,426,49,0,0,0,0,7,0,65,0,92,0,0,0,0,145,1600,312,172
47541,Pedraza,178,0,0,0,0,0,0,0,44,0,58,0,0,0,0,96,1102,195,35
47545,Pijino del Carmen,219,6,0,0,0,0,2,0,71,0,49,0,0,0,0,75,906,235,212
47551,Pivijay,796,4,0,39,0,0,2,0,32,0,783,0,0,0,0,160,5222,1060,77
47555,Plato,1623,17,0,308,77,0,0,67,198,0,259,1269,0,0,0,196,5225,823,514
47570,Puebloviejo,33,5,0,68,0,0,2,0,91,0,473,0,0,0,0,127,3252,146,271
47605,Remolino,125,8,0,0,0,0,0,0,40,0,74,0,0,0,0,95,1368,256,15
47660,Sabanas de San Angel,373,1,0,0,0,0,2,0,12,0,57,0,0,0,0,76,1014,254,192
47675,Salamina,48,0,0,0,0,0,0,0,24,0,100,0,0,0,0,134,1830,269,27
47692,San Sebastian de Buenavista,446,97,0,0,0,0,1,0,31,0,80,0,0,0,0,155,1665,412,153
47703,San Zenon,288,0,0,0,0,0,0,0,4,0,64,0,0,0,0,107,1295,225,45
47707,Santa Ana,185,43,0,0,0,0,2,0,36,0,147,0,0,0,0,195,2638,319,88
47720,Santa Barbara de Pinto,374,52,0,0,0,0,0,0,6,0,40,0,0,0,0,53,746,277,73
47745,Sitionuevo,3,1,0,95,0,0,1,0,71,0,381,0,0,0,0,172,2903,206,702
47798,Tenerife,273,17,0,0,0,0,0,0,98,0,87,0,0,0,0,125,1638,248,101
47960,Zapayan,182,0,0,0,0,0,1,0,44,0,43,0,0,0,0,65,797,146,415
47980,Zona Bananera,272,20,0,420,104,0,0,91,675,0,331,1859,0,0,0,278,7452,983,760
50001,Villavicencio,89,420,1803,9617,0,2657,0,0,655,17098,12453,0,732,0,0,803,56229,20132,1013
50006,Acacias,8,35,264,1059,0,133,0,0,71,2823,1382,0,0,0,0,93,9941,3132,75
50110,Barranca de Upia,6,7,0,0,0,0,2,0,34,0,56,0,0,0,0,45,851,147,8
50124,Cabuyaro,6,8,0,0,0,0,0,0,37,0,49,0,0,0,0,40,767,243,12
50150,Castilla la Nueva,1,21,0,0,0,0,1,0,53,0,120,0,0,0,0,64,1613,187,102
50223,Cubarral,1,4,0,0,0,0,4,0,3,0,84,0,0,0,0,43,1054,256,11
50226,Cumaral,6,17,0,0,0,0,6,0,50,0,284,0,0,0,0,146,3634,645,31
50245,El Calvario,51,6,0,0,0,0,0,0,0,0,11,0,0,0,0,7,139,72,5
50251,El Castillo,0,1,0,0,0,0,1,0,47,0,61,0,0,0,0,55,993,247,38
50270,El Dorado,2,2,0,0,0,0,2,0,0,0,33,0,0,0,0,18,415,92,20
50287,Fuente de Oro,7,7,0,0,0,0,6,0,78,0,132,0,0,0,0,94,1846,393,78
50313,Granada,11,163,260,1042,0,86,0,0,300,2588,1212,0,0,0,0,151,9179,3911,175
50318,Guamal,0,9,0,0,0,0,3,0,13,0,150,0,0,0,0,82,1997,242,8
50325,Mapiripan,2,4,0,0,0,0,2,0,18,0,20,0,0,0,0,12,238,88,328
50330,Mesetas,2,3,0,0,0,0,0,0,4,0,60,0,0,0,0,54,982,228,89
50350,La Macarena,2,7,0,0,0,0,1,0,10,0,49,0,0,0,0,43,789,631,663
50370,Uribe,3,2,0,0,0,0,2,0,0,0,24,0,0,0,0,18,327,210,314
50400,Lejanias,1,2,0,0,0,0,2,0,2,0,69,0,0,0,0,52,1019,84,32
50450,Puerto Concordia,0,3,0,0,0,0,11,0,6,0,48,0,0,0,0,23,405,86,228
50568,Puerto Gaitan,12,102,0,123,0,0,21,0,198,0,466,0,0,0,0,33,2615,703,419
50573,Puerto Lopez,7,60,0,101,0,0,16,0,193,0,726,0,0,0,0,79,4310,1152,94
50577,Puerto Lleras,5,2,0,0,0,0,3,0,40,0,59,0,0,0,0,47,838,377,181
50590,Puerto Rico,2,7,0,0,0,0,1,0,41,0,76,0,0,0,0,67,1191,325,159
50606,Restrepo,65,36,0,0,0,0,38,0,8,0,238,0,0,0,0,82,2075,383,3
50680,San Carlos de Guaroa,5,6,0,0,0,0,2,0,94,0,141,0,0,0,0,107,2129,409,39
50683,San Juan de Arama,7,4,0,0,0,0,1,0,24,0,66,0,0,0,0,58,1046,318,92
50686,San Juanito,49,1,0,0,0,0,3,0,0,0,12,0,0,0,0,4,97,27,0
50689,San Martin,13,13,0,0,0,0,9,0,284,0,315,0,0,0,0,200,4353,1046,111
50711,Vistahermosa,6,28,0,0,0,0,4,0,95,0,131,0,0,0,0,100,1882,971,538
52001,Pasto,1841,237,2023,10791,0,1306,0,0,53,8497,6259,0,802,0,0,525,28433,6015,488
52019,Alban,257,1,0,0,0,0,0,0,1,0,19,0,0,0,0,18,296,24,1
52022,Aldana,60,0,0,0,0,0,1,0,0,0,25,0,0,0,0,16,326,19,0
52036,Ancuya,44,0,0,0,0,0,0,0,0,0,32,0,0,0,0,19,435,68,0
52051,Arboleda,114,1,0,0,0,0,1,0,1,0,16,0,0,0,0,10,205,74,2
52079,Barbacoas,2,12,0,0,0,0,30,0,13,0,157,0,0,0,0,67,1291,138,952
52083,Belen,102,1,0,0,0,0,1,0,0,0,37,0,0,0,0,31,557,27,1
52110,Buesaco,415,33,0,0,0,0,1,0,0,0,50,0,0,0,0,32,684,225,0
52203,Colon,116,0,0,0,0,0,1,0,2,0,20,0,0,0,0,12,261,35,4
52207,Consaca,183,5,0,0,0,0,2,0,0,0,29,0,0,0,0,21,393,57,4
52210,Contadero,236,0,0,0,0,0,0,0,0,0,9,0,0,0,0,10,142,48,2
52215,Cordoba,441,2,0,0,0,0,0,0,2,0,29,0,0,0,0,33,495,79,3
52224,Cuaspud,195,3,0,0,0,0,1,0,0,0,17,0,0,0,0,16,255,35,1
52227,Cumbal,66,2,0,0,0,0,2,0,0,0,120,0,0,0,0,107,1917,269,7
52233,Cumbitara,68,5,0,0,0,0,2,0,2,0,39,0,0,0,0,27,549,207,59
52240,Chachagui,45,4,0,0,0,0,9,0,5,0,102,0,0,0,0,48,1136,1157,23
52250,El Charco,6,44,0,0,0,0,9,0,6,0,44,0,0,0,0,17,357,147,1246
52254,El Penol,63,1,0,0,0,0,2,0,0,0,19,0,0,0,0,16,259,33,8
52256,El Rosario,594,1,0,0,0,0,0,0,1,0,16,0,0,0,0,16,270,102,7
52258,El Tablon de Gomez,382,3,0,0,0,0,0,0,0,0,19,0,0,0,0,15,285,40,6
52260,El Tambo,208,3,0,0,0,0,2,0,0,0,54,0,0,0,0,42,786,96,7
52287,Funes,424,1,0,0,0,0,0,0,0,0,18,0,0,0,0,19,289,104,1
52317,Guachucal,272,0,0,0,0,0,0,0,0,0,50,0,0,0,0,47,823,74,4
52320,Guaitarilla,316,75,0,0,0,0,1,0,2,0,44,0,0,0,0,40,683,142,3
52323,Gualmatan,356,1,0,0,0,0,1,0,0,0,31,0,0,0,0,26,454,74,0
52352,Iles,120,0,0,0,0,0,0,0,1,0,19,0,0,0,0,21,307,125,7
52354,Imues,27,4,0,0,0,0,1,0,1,0,24,0,0,0,0,17,350,208,0
52356,Ipiales,500,52,396,1586,0,138,0,0,10,2170,1078,0,0,0,0,123,7808,1893,75
52378,La Cruz,70,1,0,0,0,0,1,0,0,0,89,0,0,0,0,81,1431,102,0
52381,La Florida,118,2,0,0,0,0,0,0,1,0,19,0,0,0,0,35,368,94,31
52385,La Llanada,41,0,0,0,0,0,1,0,2,0,37,0,0,0,0,32,580,81,40
52390,La Tola,0,8,0,0,0,0,0,0,1,0,27,0,0,0,0,22,384,195,300
52399,La Union,689,11,0,0,0,0,3,0,21,0,144,0,0,0,0,96,2038,287,36
52405,Leiva,400,0,0,0,0,0,0,0,3,0,32,0,0,0,0,29,505,147,25
52411,Linares,59,0,0,0,0,0,1,0,0,0,36,0,0,0,0,25,505,54,3
52418,Los Andes,96,1,0,0,0,0,0,0,1,0,54,0,0,0,0,42,831,180,23
52427,Magui,1,0,0,0,0,0,0,0,2,0,19,0,0,0,0,17,297,125,564
52435,Mallama,2,2,0,0,0,0,2,0,0,0,46,0,0,0,0,27,612,135,52
52473,Mosquera,21,40,0,0,0,0,1,0,1,0,7,0,0,0,0,8,79,171,1398
52480,Narino,122,3,0,0,0,0,1,0,0,0,33,0,0,0,0,28,485,85,16
52490,Olaya Herrera,27,76,0,0,0,0,3,0,6,0,27,0,0,0,0,15,254,517,2394
52506,Ospina,133,2,0,0,0,0,3,0,0,0,32,0,0,0,0,26,441,74,0
52520,Francisco Pizarro,0,15,0,0,0,0,1,0,0,0,10,0,0,0,0,9,128,136,1070
52540,Policarpa,154,9,0,0,0,0,2,0,8,0,63,0,0,0,0,45,911,225,75
52560,Potosi,105,2,0,0,0,0,2,0,0,0,31,0,0,0,0,19,405,35,2
52565,Providencia,74,0,0,0,0,0,1,0,0,0,16,0,0,0,0,27,266,79,14
52573,Puerres,481,0,0,0,0,0,4,0,0,0,46,0,0,0,0,36,621,194,30
52585,Pupiales,338,4,0,0,0,0,3,0,0,0,80,0,0,0,0,55,1090,244,3
52612,Ricaurte,1,5,0,0,0,0,12,0,25,0,58,0,0,0,0,27,459,413,435
52621,Roberto Payan,2,9,0,0,0,0,1,0,3,0,13,0,0,0,0,10,176,50,469
52678,Samaniego,221,1,0,0,0,0,24,0,33,0,156,0,0,0,0,102,1704,322,84
52683,Sandona,330,10,0,0,0,0,9,0,4,0,182,0,0,0,0,154,2633,366,32
52685,San Bernardo,152,0,0,0,0,0,1,0,0,0,27,0,0,0,0,23,410,43,3
52687,San Lorenzo,486,0,0,0,0,0,0,0,1,0,14,0,0,0,0,23,272,118,3
52693,San Pablo,170,2,0,0,0,0,1,0,0,0,67,0,0,0,0,43,935,166,3
52694,San Pedro de Cartago,25,1,0,0,0,0,0,0,0,0,10,0,0,0,0,8,160,33,0
52696,Santa Barbara,3,2,0,0,0,0,3,0,7,0,15,0,0,0,0,5,97,12,667
52699,Santacruz,64,0,0,0,0,0,3,0,0,0,23,0,0,0,0,16,272,25,19
52720,Sapuyes,57,0,0,0,0,0,0,0,0,0,23,0,0,0,0,44,472,87,1
52786,Taminango,481,6,0,0,0,0,3,0,6,0,104,0,0,0,0,87,1569,510,13
52788,Tangua,371,0,0,0,0,0,1,0,0,0,22,0,0,0,0,16,298,140,1
52835,San Andres de Tumaco,74,846,52,206,0,902,0,0,157,1862,1020,0,0,0,0,251,6820,3488,11014
52838,Tuquerres,299,94,0,100,0,0,48,0,5,0,669,0,0,0,0,65,3663,487,24
52885,Yacuanquer,330,4,0,0,0,0,12,0,0,0,66,0,0,0,0,35,618,152,3
54001,Cucuta,1229,1437,1723,9194,0,2685,0,0,830,21760,15452,0,806,0,0,1580,72016,27750,8647
54003,Abrego,230,101,0,0,0,0,10,0,3,0,201,0,0,0,0,126,2694,280,5
54051,Arboledas,200,1,0,0,0,0,1,0,1,0,26,0,0,0,0,15,340,87,9
54099,Bochalema,219,4,0,0,0,0,3,0,1,0,70,0,0,0,0,34,853,328,22
54109,Bucarasica,45,1,0,0,0,0,0,0,0,0,11,0,0,0,0,10,171,56,3
54125,Cacota,102,0,0,0,0,0,0,0,0,0,6,0,0,0,0,4,72,28,0
54128,Cachira,129,8,0,0,0,0,0,0,0,0,33,0,0,0,0,21,466,119,0
54172,Chinacota,263,7,0,0,0,0,6,0,12,0,187,0,0,0,0,86,2310,1160,11
54174,Chitaga,170,0,0,0,0,0,0,0,2,0,38,0,0,0,0,30,558,84,0
54206,Convencion,648,5,0,0,0,0,1,0,24,0,80,0,0,0,0,64,1222,396,21
54223,Cucutilla,176,3,0,0,0,0,1,0,0,0,17,0,0,0,0,11,210,90,1
54239,Durania,248,16,0,0,0,0,1,0,2,0,23,0,0,0,0,13,288,91,4
54245,El Carmen,501,2,0,0,0,0,0,0,7,0,43,0,0,0,0,40,707,201,17
54250,El Tarra,115,1,0,0,0,0,0,0,20,0,70,0,0,0,0,65,1145,305,334
54261,El Zulia,111,12,0,0,0,0,3,0,27,0,218,0,0,0,0,126,2964,292,156
54313,Gramalote,4,7,0,0,0,0,34,0,0,0,104,0,0,0,0,11,316,143,5
54344,Hacari,110,1,0,0,0,0,0,0,2,0,16,0,0,0,0,11,224,27,5
54347,Herran,45,5,0,0,0,0,0,0,0,0,9,0,0,0,0,6,122,10,14
54377,Labateca,51,0,0,0,0,0,1,0,0,0,19,0,0,0,0,9,222,34,0
54385,La Esperanza,5,2,0,0,0,0,1,0,5,0,50,0,0,0,0,44,813,126,52
54398,La Playa,171,0,0,0,0,0,0,0,0,0,10,0,0,0,0,7,148,65,1
54405,Los Patios,19,85,208,836,0,346,0,0,146,3256,1675,0,0,0,0,82,11439,2801,275
54418,Lourdes,105,1,0,0,0,0,0,0,0,0,22,0,0,0,0,14,301,96,5
54480,Mutiscua,69,0,0,0,0,0,0,0,0,0,10,0,0,0,0,7,149,21,0
54498,Ocana,745,15,502,2006,0,45,0,0,158,3600,1612,0,0,0,0,242,12717,2206,280
54518,Pamplona,443,17,216,862,0,42,0,0,5,1332,666,0,0,0,0,26,4684,895,16
54520,Pamplonita,36,3,0,0,0,0,1,0,0,0,21,0,0,0,0,11,266,53,1
54553,Puerto Santander,1,0,0,0,0,0,1,0,16,0,80,0,0,0,0,62,1222,100,65
54599,Ragonvalia,100,10,0,0,0,0,1,0,0,0,32,0,0,0,0,21,437,70,5
54660,Salazar,363,3,0,0,0,0,2,0,1,0,50,0,0,0,0,35,705,247,17
54670,San Calixto,136,0,0,0,0,0,0,0,8,0,19,0,0,0,0,17,317,49,1
54673,San Cayetano,204,0,0,0,0,0,0,0,25,0,76,0,0,0,0,51,1111,268,48
54680,Santiago,61,3,0,0,0,0,0,0,0,0,20,0,0,0,0,15,313,49,1
54720,Sardinata,107,21,0,0,0,0,3,0,2,0,137,0,0,0,0,97,2017,258,48
54743,Silos,167,1,0,0,0,0,0,0,0,0,23,0,0,0,0,16,338,83,1
54800,Teorama,178,0,0,0,0,0,0,0,3,0,23,0,0,0,0,24,393,72,7
54810,Tibu,42,17,0,49,0,0,8,0,128,0,566,0,0,0,0,68,3491,610,1262
54820,Toledo,214,3,0,0,0,0,2,0,1,0,78,0,0,0,0,45,1056,157,12
54871,Villa Caro,243,0,0,0,0,0,1,0,1,0,19,0,0,0,0,12,255,113,1
54874,Villa del Rosario,168,67,232,924,0,598,0,0,246,3558,1782,0,0,0,0,191,12555,4188,508
63001,Armenia,424,813,542,2891,0,4043,0,0,581,9468,7256,0,300,0,0,271,31235,5579,1323
63111,Buenavista,4,3,0,0,0,0,1,0,3,0,27,0,0,0,0,13,316,27,5
63130,Calarca,123,169,178,716,0,750,0,0,315,2500,1404,0,0,0,0,93,8817,1072,331
63190,Circasia,93,56,0,83,0,0,28,0,49,0,790,0,0,0,0,34,4372,419,170
63212,Cordoba,21,2,0,0,0,0,2,0,3,0,57,0,0,0,0,32,712,42,12
63272,Filandia,32,45,0,0,0,0,32,0,9,0,167,0,0,0,0,57,1271,117,25
63302,Genova,190,4,0,0,0,0,11,0,1,0,67,0,0,0,0,31,610,72,3
63401,La Tebaida,19,25,0,46,0,0,232,0,94,0,1217,0,0,0,0,40,5093,416,138
63470,Montenegro,180,20,0,60,0,0,78,0,193,0,1030,0,0,0,0,50,5376,391,270
63548,Pijao,106,1,0,0,0,0,2,0,2,0,33,0,0,0,0,18,408,40,4
63594,Quimbaya,146,17,0,56,0,0,44,0,30,0,805,0,0,0,0,31,4280,364,61
63690,Salento,113,19,0,0,0,0,6,0,39,0,66,0,0,0,0,32,727,85,64
66001,Pereira,768,764,1152,6143,0,6445,0,0,754,11246,8712,0,581,0,0,479,37558,9520,2069
66045,Apia,248,146,0,0,0,0,38,0,3,0,134,0,0,0,0,29,618,132,3
66075,Balboa,50,10,0,0,0,0,1,0,4,0,26,0,0,0,0,18,309,31,15
66088,Belen de Umbria,252,9,0,0,0,0,42,0,6,0,248,0,0,0,0,88,2064,348,13
66170,Dosquebradas,137,167,603,3209,0,2541,0,0,92,6068,4719,0,294,0,0,136,20067,4042,278
66318,Guatica,281,3,0,0,0,0,4,0,4,0,64,0,0,0,0,38,804,103,9
66383,La Celia,75,10,0,0,0,0,13,0,0,0,59,0,0,0,0,24,447,57,40
66400,La Virginia,16,56,0,157,0,0,66,0,11,0,934,0,0,0,0,20,4572,522,29
66440,Marsella,298,16,0,0,0,0,72,0,16,0,270,0,0,0,0,69,1440,157,55
66456,Mistrato,130,20,0,0,0,0,3,0,7,0,66,0,0,0,0,48,900,199,44
66572,Pueblo Rico,37,9,0,0,0,0,42,0,21,0,142,0,0,0,0,33,634,178,95
66594,Quinchia,197,16,0,0,0,0,11,0,50,0,147,0,0,0,0,79,1755,359,72
66682,Santa Rosa de Cabal,578,74,272,1090,0,963,0,0,100,1812,1142,0,0,0,0,59,6448,1305,217
66687,Santuario,382,20,0,0,0,0,6,0,2,0,83,0,0,0,0,55,1013,134,10
68001,Bucaramanga,515,641,1783,9509,0,2119,0,0,68,5620,4212,0,650,0,0,212,18480,2653,527
68013,Aguada,23,0,0,0,0,0,0,0,0,0,4,0,0,0,0,2,48,18,0
68020,Albania,21,4,0,0,0,0,0,0,0,0,8,0,0,0,0,4,93,33,10
68051,Aratoca,53,3,0,0,0,0,1,0,0,0,24,0,0,0,0,21,365,25,4
68077,Barbosa,4,17,0,375,0,0,17,0,10,0,750,0,0,0,0,18,4151,778,48
68079,Barichara,475,3,0,0,0,0,1,0,0,0,29,0,0,0,0,12,344,322,0
68081,Barrancabermeja,51,145,0,2540,477,0,0,490,82,0,3072,6793,0,0,184,476,24168,4352,2918
68092,Betulia,151,36,0,0,0,0,1,0,5,0,26,0,0,0,0,17,352,199,97
68101,Bolivar,79,12,0,0,0,0,0,0,0,0,22,0,0,0,0,14,295,93,9
68121,Cabrera,37,0,0,0,0,0,0,0,0,0,3,0,0,0,0,1,35,8,0
68132,California,63,1,0,0,0,0,0,0,0,0,10,0,0,0,0,5,129,13,0
68147,Capitanejo,157,3,0,0,0,0,0,0,0,0,36,0,0,0,0,20,502,101,0
68152,Carcasi,103,2,0,0,0,0,0,0,0,0,6,0,0,0,0,4,84,52,3
68160,Cepita,52,0,0,0,0,0,0,0,0,0,4,0,0,0,0,2,44,17,0
68162,Cerrito,37,4,0,0,0,0,1,0,0,0,31,0,0,0,0,20,437,49,3
68167,Charala,288,4,0,0,0,0,3,0,3,0,110,0,0,0,0,54,1388,263,3
68169,Charta,6,0,0,0,0,0,1,0,0,0,16,0,0,0,0,7,188,76,0
68176,Chima,20,0,0,0,0,0,0,0,0,0,12,0,0,0,0,6,157,34,0
68179,Chipata,3,1,0,0,0,0,15,0,0,0,41,0,0,0,0,5,103,45,1
68190,Cimitarra,3,11,0,0,0,0,9,0,5,0,217,0,0,0,0,142,3002,1127,440
68207,Concepcion,143,3,0,0,0,0,0,0,0,0,34,0,0,0,0,21,479,112,0
68209,Confines,8,2,0,0,0,0,0,0,1,0,7,0,0,0,0,6,116,24,0
68211,Contratacion,480,1,0,0,0,0,1,0,0,0,24,0,0,0,0,12,288,147,0
68217,Coromoro,26,0,0,0,0,0,2,0,0,0,20,0,0,0,0,9,225,65,1
68229,Curiti,152,2,0,0,0,0,3,0,0,0,63,0,0,0,0,31,792,163,3
68235,El Carmen de Chucuri,1,1,0,0,0,0,0,0,0,0,29,0,0,0,0,19,423,18,22
68245,El Guacamayo,23,0,0,0,0,0,0,0,0,0,10,0,0,0,0,8,148,43,1
68250,El Penon,26,0,0,0,0,0,0,0,0,0,11,0,0,0,0,11,193,130,32
68255,El Playon,12,2,0,0,0,0,0,0,48,0,76,0,0,0,0,69,1267,210,240
68264,Encino,5,0,0,0,0,0,0,0,0,0,7,0,0,0,0,4,93,20,0
68266,Enciso,45,0,0,0,0,0,0,0,0,0,13,0,0,0,0,8,172,33,0
68271,Florian,2,0,0,0,0,0,1,0,0,0,23,0,0,0,0,16,318,172,17
68276,Floridablanca,44,860,1608,8572,0,1214,0,0,105,4537,3432,0,574,0,0,104,14887,2213,598
68296,Galan,26,0,0,0,0,0,0,0,0,0,2,0,0,0,0,0,17,12,0
68298,Gambita,8,0,0,0,0,0,0,0,0,0,8,0,0,0,0,6,119,34,1
68307,Giron,162,269,788,3154,0,382,0,0,59,3685,1870,0,0,0,0,108,12921,1822,306
68318,Guaca,121,2,0,0,0,0,1,0,0,0,21,0,0,0,0,12,263,162,0
68320,Guadalupe,43,2,0,0,0,0,1,0,0,0,30,0,0,0,0,15,374,88,0
68322,Guapota,36,0,0,0,0,0,0,0,0,0,7,0,0,0,0,4,98,34,1
68324,Guavata,23,4,0,0,0,0,3,0,0,0,24,0,0,0,0,12,227,67,2
68327,Guepsa,2,1,0,0,0,0,0,0,3,0,43,0,0,0,0,26,607,87,4
68344,Hato,44,0,0,0,0,0,0,0,0,0,6,0,0,0,0,5,96,25,0
68368,Jesus Maria,17,0,0,0,0,0,0,0,1,0,12,0,0,0,0,7,151,44,0
68370,Jordan,9,0,0,0,0,0,0,0,0,0,0,0,0,0,0,0,2,6,0
68377,La Belleza,11,0,0,0,0,0,0,0,0,0,23,0,0,0,0,16,324,74,39
68385,Landazuri,4,3,0,0,0,0,0,0,1,0,48,0,0,0,0,35,719,167,61
68397,La Paz,26,1,0,0,0,0,0,0,0,0,17,0,0,0,0,10,229,65,4
68406,Lebrija,37,9,0,65,0,0,30,0,46,0,496,0,0,0,0,14,2590,487,48
68418,Los Santos,97,1,0,0,0,0,1,0,0,0,19,0,0,0,0,9,222,45,0
68425,Macaravita,27,0,0,0,0,0,0,0,0,0,3,0,0,0,0,2,49,12,0
68432,Malaga,84,14,0,0,0,0,6,0,0,0,240,0,0,0,0,108,2987,406,0
68444,Matanza,69,4,0,0,0,0,0,0,0,0,11,0,0,0,0,6,139,43,0
68464,Mogotes,252,2,0,0,0,0,2,0,2,0,51,0,0,0,0,31,687,175,2
68468,Molagavita,90,4,0,0,0,0,3,0,0,0,11,0,0,0,0,3,69,38,0
68498,Ocamonte,20,4,0,0,0,0,0,0,0,0,13,0,0,0,0,6,160,40,0
68500,Oiba,53,3,0,0,0,0,1,0,5,0,73,0,0,0,0,36,950,145,9
68502,Onzaga,148,3,0,0,0,0,1,0,0,0,14,0,0,0,0,9,186,173,0
68522,Palmar,47,0,0,0,0,0,0,0,0,0,6,0,0,0,0,4,82,39,0
68524,Palmas del Socorro,2,0,0,0,0,0,0,0,0,0,10,0,0,0,0,6,132,24,0
68533,Paramo,27,6,0,0,0,0,0,0,1,0,18,0,0,0,0,9,239,29,1
68547,Piedecuesta,381,753,530,2120,0,354,0,0,20,3688,1882,0,0,0,0,82,12923,3306,53
68549,Pinchote,16,0,0,0,0,0,0,0,0,0,19,0,0,0,0,9,244,66,0
68572,Puente Nacional,22,6,0,0,0,0,4,0,0,0,98,0,0,0,0,45,1184,257,5
68573,Puerto Parra,2,0,0,0,0,0,1,0,5,0,54,0,0,0,0,47,882,311,255
68575,Puerto Wilches,23,25,0,16,0,0,4,0,107,0,693,0,0,0,0,169,4659,1702,1198
68615,Rionegro,127,3,0,0,0,0,2,0,15,0,129,0,0,0,0,88,1868,251,200
68655,Sabana de Torres,10,32,0,47,0,0,10,0,272,0,626,0,0,0,0,74,3835,2298,818
68669,San Andres,360,4,0,0,0,0,0,0,0,0,34,0,0,0,0,18,450,147,0
68673,San Benito,5,0,0,0,0,0,0,0,1,0,6,0,0,0,0,7,106,28,5
68679,San Gil,417,79,326,1306,0,173,0,0,1,1448,752,0,0,0,0,24,5071,1121,29
68682,San Joaquin,70,0,0,0,0,0,0,0,0,0,11,0,0,0,0,6,153,84,0
68684,San Jose de Miranda,60,7,0,0,0,0,1,0,0,0,16,0,0,0,0,8,193,44,0
68686,San Miguel,26,1,0,0,0,0,0,0,0,0,9,0,0,0,0,6,132,22,0
68689,San Vicente de Chucuri,160,266,0,0,0,0,6,0,41,0,185,0,0,0,0,133,2630,631,376
68705,Santa Barbara,32,0,0,0,0,0,1,0,0,0,6,0,0,0,0,1,34,12,0
68720,Santa Helena del Opon,70,3,0,0,0,0,0,0,1,0,12,0,0,0,0,10,191,76,43
68745,Simacota,125,2,0,0,0,0,0,0,0,0,31,0,0,0,0,16,412,92,23
68755,Socorro,254,45,0,167,0,0,19,0,1,0,816,0,0,0,0,9,4466,753,3
68770,Suaita,122,10,0,0,0,0,3,0,6,0,47,0,0,0,0,25,579,206,15
68773,Sucre,80,2,0,0,0,0,1,0,0,0,16,0,0,0,0,12,221,73,0
68780,Surata,62,0,0,0,0,0,0,0,0,0,13,0,0,0,0,10,193,61,3
68820,Tona,11,1,0,0,0,0,0,0,0,0,14,0,0,0,0,8,187,53,0
68855,Valle de San Jose,57,4,0,0,0,0,2,0,0,0,37,0,0,0,0,16,444,51,0
68861,Velez,54,9,0,0,0,0,93,0,5,0,374,0,0,0,0,99,2197,372,52
68867,Vetas,39,1,0,0,0,0,0,0,0,0,9,0,0,0,0,7,122,28,1
68872,Villanueva,451,3,0,0,0,0,0,0,1,0,50,0,0,0,0,26,651,185,1
68895,Zapatoca,994,6,0,0,0,0,9,0,0,0,74,0,0,0,0,24,683,498,1
70001,Sincelejo,1771,162,0,4653,872,0,0,2250,740,0,3647,7910,0,0,323,871,29247,5327,2201
70110,Buenavista,130,2,0,0,0,0,18,0,83,0,119,0,0,0,0,112,1476,198,206
70124,Caimito,508,2,0,0,0,0,1,0,13,0,66,0,0,0,0,118,1339,124,79
70204,Coloso,32,3,0,0,0,0,1,0,40,0,16,0,0,0,0,29,304,82,630
70215,Corozal,303,296,0,613,154,0,0,152,407,0,535,2307,0,0,0,225,9151,1217,462
70221,Covenas,50,23,0,0,0,0,12,0,38,0,168,0,0,0,0,102,2061,364,155
70230,Chalan,184,4,0,0,0,0,1,0,11,0,14,0,0,0,0,32,306,67,204
70233,El Roble,673,0,0,0,0,0,0,0,17,0,67,0,0,0,0,90,1267,299,48
70235,Galeras,238,14,0,0,0,0,4,0,93,0,160,0,0,0,0,213,2869,378,145
70265,Guaranda,6,4,0,0,0,0,1,0,6,0,76,0,0,0,0,109,1416,275,182
70400,La Union,304,3,0,0,0,0,6,0,7,0,61,0,0,0,0,82,947,68,13
70418,Los Palmitos,143,3,0,0,0,0,3,0,75,0,209,0,0,0,0,207,3418,355,116
70429,Majagual,104,15,0,0,0,0,2,0,47,0,120,0,0,0,0,231,2441,415,456
70473,Morroa,115,6,0,0,0,0,5,0,94,0,144,0,0,0,0,125,2145,284,151
70508,Ovejas,639,7,0,0,0,0,6,0,40,0,207,0,0,0,0,200,3299,549,147
70523,Palmito,219,1,0,0,0,0,9,0,58,0,52,0,0,0,0,52,653,79,62
70670,Sampues,545,4,0,88,0,0,14,0,353,0,630,0,0,0,0,189,4297,549,421
70678,San Benito Abad,321,3,0,0,0,0,0,0,220,0,168,0,0,0,0,253,3243,703,369
70702,San Juan de Betulia,164,3,0,0,0,0,0,0,73,0,104,0,0,0,0,94,1695,118,108
70708,San Marcos,905,11,0,154,38,0,0,136,172,0,280,1431,0,0,0,359,6343,1038,178
70713,San Onofre,939,37,0,68,18,0,0,40,363,0,216,1173,0,0,0,239,4986,1628,840
70717,San Pedro,74,4,0,0,0,0,3,0,164,0,174,0,0,0,0,186,2887,316,334
70742,San Luis de Since,476,1,0,56,0,0,17,0,609,0,534,0,0,0,0,115,3395,495,1255
70771,Sucre,423,47,0,0,0,0,4,0,63,0,87,0,0,0,0,178,1739,283,473
70820,Santiago de Tolu,447,25,0,54,0,0,251,0,74,0,1001,0,0,0,0,131,4108,1034,454
70823,Tolu Viejo,33,12,0,0,0,0,33,0,96,0,181,0,0,0,0,118,1825,477,716
73001,Ibague,313,312,2814,15011,0,2835,0,0,237,13969,10010,0,1074,0,0,881,45942,8268,716
73024,Alpujarra,293,1,0,0,0,0,1,0,2,0,25,0,0,0,0,17,352,246,4
73026,Alvarado,15,3,0,0,0,0,0,0,2,0,46,0,0,0,0,36,715,142,2
73030,Ambalema,172,9,0,0,0,0,3,0,33,0,65,0,0,0,0,50,971,337,14
73043,Anzoategui,23,1,0,0,0,0,1,0,0,0,21,0,0,0,0,20,323,94,84
73055,Armero,111,30,0,0,0,0,29,0,28,0,197,0,0,0,0,118,2169,599,65
73067,Ataco,283,6,0,0,0,0,4,0,15,0,81,0,0,0,0,74,1252,429,32
73124,Cajamarca,42,10,0,0,0,0,3,0,6,0,138,0,0,0,0,75,1830,126,14
73148,Carmen de Apicala,36,21,0,0,0,0,12,0,5,0,126,0,0,0,0,64,1439,1139,18
73152,Casabianca,6,5,0,0,0,0,15,0,2,0,53,0,0,0,0,21,333,97,104
73168,Chaparral,582,52,0,103,0,0,63,0,93,0,914,0,0,0,0,105,5180,1112,49
73200,Coello,106,2,0,0,0,0,0,0,6,0,44,0,0,0,0,36,703,246,22
73217,Coyaima,253,7,0,0,0,0,2,0,21,0,64,0,0,0,0,64,1058,519,37
73226,Cunday,178,10,0,0,0,0,2,0,2,0,48,0,0,0,0,38,699,256,15
73236,Dolores,127,4,0,0,0,0,2,0,0,0,33,0,0,0,0,27,485,70,1
73268,Espinal,76,37,114,452,0,88,0,0,31,2597,1178,0,0,0,0,167,9139,1775,36
73270,Falan,2,0,0,0,0,0,2,0,4,0,28,0,0,0,0,17,350,68,24
73275,Flandes,200,23,0,82,0,0,10,0,28,0,871,0,0,0,0,46,5071,6346,43
73283,Fresno,6,7,0,0,0,0,26,0,10,0,234,0,0,0,0,122,2501,149,162
73319,Guamo,211,10,0,0,0,0,3,0,55,0,260,0,0,0,0,199,3980,814,37
73347,Herveo,4,1,0,0,0,0,1,0,19,0,41,0,0,0,0,45,638,234,112
73349,Honda,7,12,0,87,0,0,16,0,90,0,864,0,0,0,0,66,5086,1346,53
73352,Icononzo,96,8,0,0,0,0,2,0,4,0,53,0,0,0,0,35,740,121,12
73408,Lerida,87,351,0,0,0,0,15,0,71,0,241,0,0,0,0,168,3286,752,108
73411,Libano,45,16,0,133,0,0,34,0,27,0,865,0,0,0,0,63,4904,900,291
73443,Mariquita,4,10,0,155,0,0,330,0,25,0,1372,0,0,0,0,54,5261,1230,74
73449,Melgar,20,62,0,213,0,0,183,0,26,0,969,0,0,0,0,23,4019,1966,37
73461,Murillo,1,45,0,0,0,0,3,0,1,0,24,0,0,0,0,16,268,122,80
73483,Natagaima,590,2,0,0,0,0,2,0,21,0,80,0,0,0,0,66,1226,363,19
73504,Ortega,255,74,0,0,0,0,3,0,9,0,89,0,0,0,0,73,1342,413,16
73520,Palocabildo,0,56,0,0,0,0,27,0,7,0,100,0,0,0,0,28,553,112,96
73547,Piedras,129,16,0,0,0,0,0,0,4,0,49,0,0,0,0,39,767,197,4
73555,Planadas,102,13,0,0,0,0,6,0,23,0,107,0,0,0,0,92,1579,398,323
73563,Prado,54,1,0,0,0,0,0,0,8,0,57,0,0,0,0,46,897,253,22
73585,Purificacion,268,8,0,0,0,0,5,0,37,0,228,0,0,0,0,167,3406,730,36
73616,Rioblanco,85,6,0,0,0,0,2,0,3,0,74,0,0,0,0,64,1163,290,98
73622,Roncesvalles,11,3,0,0,0,0,0,0,0,0,12,0,0,0,0,25,229,69,134
73624,Rovira,477,61,0,0,0,0,4,0,14,0,140,0,0,0,0,113,2130,480,35
73671,Saldana,52,8,0,0,0,0,1,0,7,0,120,0,0,0,0,95,1885,305,11
73675,San Antonio,213,23,0,0,0,0,0,0,3,0,60,0,0,0,0,61,1028,275,19
73678,San Luis,58,5,0,0,0,0,0,0,6,0,91,0,0,0,0,81,1519,303,9
73686,Santa Isabel,1,0,0,0,0,0,1,0,0,0,27,0,0,0,0,24,375,115,191
73770,Suarez,15,1,0,0,0,0,0,0,0,0,5,0,0,0,0,3,70,8,1
73854,Valle de San Juan,183,0,0,0,0,0,0,0,1,0,23,0,0,0,0,19,356,130,5
73861,Venadillo,68,5,0,0,0,0,2,0,15,0,125,0,0,0,0,109,2036,253,33
73870,Villahermosa,19,33,0,0,0,0,15,0,1,0,69,0,0,0,0,39,566,149,229
73873,Villarrica,85,7,0,0,0,0,0,0,2,0,29,0,0,0,0,29,485,152,23
76001,Cali,,,,,,,,,,,,,,,,,146248,,
76020,Alcala,147,19,0,0,0,0,3,0,132,0,127,0,0,0,0,78,1783,173,153
76036,Andalucia,116,5,0,0,0,0,9,0,19,0,302,0,0,0,0,166,3994,358,33
76041,Ansermanuevo,169,4,0,0,0,0,3,0,10,0,138,0,0,0,0,77,1824,240,18
76054,Argelia,151,1,0,0,0,0,2,0,2,0,35,0,0,0,0,30,492,60,5
76100,Bolivar,311,5,0,0,0,0,3,0,3,0,154,0,0,0,0,91,2081,504,34
76109,Buenaventura,87,1014,677,3606,0,3175,0,0,60,5742,4047,0,326,0,0,701,19427,9812,11198
76111,Guadalajara de Buga,373,83,334,1340,0,808,0,0,15,4687,2534,0,0,0,0,88,16394,1929,137
76113,Bugalagrande,183,4,0,0,0,0,6,0,46,0,286,0,0,0,0,148,3717,435,95
76122,Caicedonia,84,5,0,79,0,0,16,0,18,0,763,0,0,0,0,42,4391,281,26
76126,Calima,82,80,0,0,0,0,21,0,7,0,196,0,0,0,0,82,2015,511,115
76130,Candelaria,35,42,192,768,0,96,0,0,50,3232,1584,0,0,0,0,117,11316,994,107
76147,Cartago,175,53,180,722,0,693,0,0,59,5093,2661,0,0,0,0,103,17831,2527,154
76233,Dagua,463,146,0,142,0,0,18,0,12,0,633,0,0,0,0,39,3616,1728,452
76243,El Aguila,225,8,0,0,0,0,1,0,17,0,36,0,0,0,0,29,518,162,27
76246,El Cairo,484,10,0,0,0,0,2,0,4,0,20,0,0,0,0,19,247,95,15
76248,El Cerrito,42,268,198,790,0,560,0,0,7,1880,1042,0,0,0,0,64,6573,931,39
76250,El Dovio,175,0,0,0,0,0,1,0,3,0,91,0,0,0,0,58,1301,135,5
76275,Florida,102,14,102,406,0,60,0,0,30,1883,953,0,0,0,0,66,6563,982,80
76306,Ginebra,47,9,0,0,0,0,3,0,5,0,243,0,0,0,0,125,3191,280,58
76318,Guacari,14,11,0,55,0,0,16,0,29,0,864,0,0,0,0,38,4751,288,29
76364,Jamundi,226,611,426,1702,0,482,0,0,116,3877,2030,0,0,0,0,121,13582,4602,327
76377,La Cumbre,217,89,0,0,0,0,3,0,11,0,83,0,0,0,0,55,1078,811,89
76400,La Union,269,4,0,120,0,0,224,0,37,0,1168,0,0,0,0,43,4908,536,52
76403,La Victoria,114,9,0,0,0,0,129,0,11,0,460,0,0,0,0,89,2225,421,16
76497,Obando,133,18,0,0,0,0,18,0,45,0,188,0,0,0,0,87,2048,236,57
76520,Palmira,327,218,857,4572,0,1018,0,0,76,12488,9222,0,420,0,0,466,41070,6204,258
76563,Pradera,75,66,48,190,0,40,0,0,26,1682,782,0,0,0,0,98,5928,727,53
76606,Restrepo,158,27,0,0,0,0,4,0,10,0,128,0,0,0,0,69,1615,201,23
76616,Riofrio,260,7,0,0,0,0,2,0,13,0,138,0,0,0,0,84,1898,240,47
76622,Roldanillo,134,14,0,52,0,0,18,0,15,0,1004,0,0,0,0,22,5578,1015,21
76670,San Pedro,20,9,0,0,0,0,10,0,7,0,213,0,0,0,0,98,2533,190,25
76736,Sevilla,404,55,0,120,0,0,33,0,96,0,887,0,0,0,0,89,5131,576,159
76823,Toro,646,4,0,0,0,0,6,0,16,0,151,0,0,0,0,84,1964,365,21
76828,Trujillo,562,124,0,0,0,0,26,0,18,0,170,0,0,0,0,74,1559,228,56
76834,Tulua,161,162,1152,6143,0,768,0,0,98,5895,4469,0,489,0,0,188,19471,2290,320
76845,Ulloa,83,24,0,0,0,0,3,0,25,0,44,0,0,0,0,29,583,112,29
76863,Versalles,382,20,0,0,0,0,5,0,8,0,57,0,0,0,0,40,707,276,47
76869,Vijes,94,14,0,0,0,0,1,0,11,0,126,0,0,0,0,72,1737,317,20
76890,Yotoco,72,4,0,0,0,0,4,0,7,0,188,0,0,0,0,102,2476,258,46
76892,Yumbo,193,261,410,1640,0,130,0,0,148,3178,1506,0,0,0,0,152,11182,1785,689
76895,Zarzal,125,15,0,141,0,0,27,0,47,0,1319,0,0,0,0,30,7354,815,83
81001,Arauca,16,157,0,721,180,0,0,149,2314,0,526,2301,0,0,0,169,8867,2802,84
81065,Arauquita,19,323,0,48,0,0,13,0,369,0,477,0,0,0,0,81,2994,1071,1815
81220,Cravo Norte,226,21,0,0,0,0,1,0,27,0,24,0,0,0,0,23,376,156,3
81300,Fortul,4,77,0,0,0,0,1,0,158,0,99,0,0,0,0,93,1619,696,793
81591,Puerto Rondon,27,101,0,0,0,0,1,0,7,0,40,0,0,0,0,32,593,165,4
81736,Saravena,11,231,50,202,0,11,0,0,808,1592,632,0,0,0,0,228,5798,1816,2145
81794,Tame,97,131,0,48,0,0,13,0,291,0,681,0,0,0,0,92,4211,1431,677
85001,Yopal,12,191,880,3522,0,510,0,0,1507,5087,2468,0,0,0,0,281,17944,4527,89
85010,Aguazul,1,17,0,107,0,0,24,0,92,0,735,0,0,0,0,31,4087,693,13
85015,Chameza,0,1,0,0,0,0,0,0,0,0,22,0,0,0,0,15,328,110,3
85125,Hato Corozal,77,2,0,0,0,0,0,0,68,0,69,0,0,0,0,65,1137,464,20
85136,La Salina,0,1,0,0,0,0,5,0,0,0,20,0,0,0,0,5,113,23,0
85139,Mani,4,15,0,0,0,0,3,0,70,0,158,0,0,0,0,102,2244,547,7
85162,Monterrey,2,22,0,0,0,0,12,0,47,0,211,0,0,0,0,127,2760,679,29
85225,Nunchia,47,1,0,0,0,0,12,0,7,0,57,0,0,0,0,27,472,114,3
85230,Orocue,4,1,0,0,0,0,3,0,64,0,83,0,0,0,0,65,1230,430,8
85250,Paz de Ariporo,73,13,0,65,0,0,16,0,191,0,805,0,0,0,0,102,4908,1166,27
85263,Pore,36,94,0,0,0,0,13,0,44,0,105,0,0,0,0,75,1288,242,11
85279,Recetor,1,26,0,0,0,0,0,0,1,0,5,0,0,0,0,4,77,19,6
85300,Sabanalarga,5,7,0,0,0,0,1,0,2,0,37,0,0,0,0,27,537,151,3
85315,Sacama,3,3,0,0,0,0,0,0,0,0,14,0,0,0,0,12,232,76,28
85325,San Luis de Palenque,29,18,0,0,0,0,2,0,5,0,47,0,0,0,0,32,662,97,2
85400,Tamara,79,1,0,0,0,0,1,0,2,0,19,0,0,0,0,17,276,140,7
85410,Tauramena,6,44,0,0,0,0,30,0,131,0,278,0,0,0,0,126,2925,392,22
85430,Trinidad,34,8,0,0,0,0,7,0,11,0,97,0,0,0,0,67,1281,257,14
85440,Villanueva,5,32,0,205,0,0,27,0,96,0,825,0,0,0,0,67,4769,842,127
86001,Mocoa,16,35,0,395,0,0,95,0,19,0,1243,0,0,0,0,64,6422,777,768
86219,Colon,63,1,0,0,0,0,5,0,1,0,67,0,0,0,0,44,853,188,44
86320,Orito,4,14,0,47,0,0,14,0,29,0,433,0,0,0,0,53,2572,1730,2126
86568,Puerto Asis,12,28,0,238,0,0,22,0,10,0,1132,0,0,0,0,102,6721,2002,1533
86569,Puerto Caicedo,7,3,0,0,0,0,4,0,0,0,78,0,0,0,0,57,1114,187,267
86571,Puerto Guzman,3,11,0,0,0,0,4,0,21,0,60,0,0,0,0,41,795,311,839
86573,Leguizamo,2,26,0,0,0,0,12,0,54,0,131,0,0,0,0,72,1421,320,978
86749,Sibundoy,6,30,0,0,0,0,4,0,0,0,161,0,0,0,0,89,2110,175,129
86755,San Francisco,1,4,0,0,0,0,6,0,1,0,68,0,0,0,0,45,866,235,19
86757,San Miguel,3,8,0,0,0,0,6,0,2,0,78,0,0,0,0,52,1013,311,485
86760,Santiago,11,4,0,0,0,0,0,0,0,0,42,0,0,0,0,33,654,181,45
86865,Valle del Guamuez,8,12,0,0,0,0,22,0,7,0,213,0,0,0,0,142,2632,881,1044
86885,Villagarzon,1,16,0,0,0,0,21,0,4,0,226,0,0,0,0,126,2686,532,547
88001,San Andres,6,403,0,1032,258,0,0,213,4,0,372,1385,0,0,0,52,5272,499,788
88564,Providencia,2,175,0,0,0,0,6,0,7,0,54,0,0,0,0,22,524,207,430
91001,Leticia,8,90,0,128,0,0,96,0,65,0,712,0,0,0,0,51,3430,438,2728
91263,El Encanto (ANM),0,7,0,0,0,0,0,0,1,0,6,0,0,0,0,2,48,0,25
91405,La Chorrera (ANM),1,4,0,0,0,0,0,0,2,0,4,0,0,0,0,3,30,36,84
91407,La Pedrera (ANM),1,2,0,0,0,0,0,0,2,0,3,0,0,0,0,3,35,76,94
91430,La Victoria (ANM),0,0,0,0,0,0,0,0,0,0,0,0,0,0,0,0,0,0,0
91460,Miriti - Parana (ANM),0,0,0,0,0,0,0,0,0,0,0,0,0,0,0,0,1,0,3
91530,Puerto Alegria (ANM),0,0,0,0,0,0,0,0,0,0,0,0,0,0,0,1,4,4,57
91536,Puerto Arica (ANM),0,1,0,0,0,0,0,0,1,0,0,0,0,0,0,0,2,3,51
91540,Puerto Narino,0,4,0,0,0,0,0,0,0,0,6,0,0,0,0,5,68,16,747
91669,Puerto Santander (ANM),0,0,0,0,0,0,0,0,0,0,0,0,0,0,0,0,2,12,25
91798,Tarapaca (ANM),0,0,0,0,0,0,0,0,1,0,0,0,0,0,0,0,5,31,67
94001,Inirida,234,13,0,0,0,0,17,0,229,0,178,0,0,0,0,113,2188,629,984
94343,Barranco Minas (ANM),0,1,0,0,0,0,0,0,1,0,2,0,0,0,0,1,23,19,64
94663,Mapiripana (ANM),0,0,0,0,0,0,0,0,0,0,0,0,0,0,0,0,0,0,0
94883,San Felipe (ANM),0,1,0,0,0,0,0,0,1,0,0,0,0,0,0,0,7,2,20
94884,Puerto Colombia (ANM),0,0,0,0,0,0,0,0,0,0,0,0,0,0,0,0,0,0,4
94885,La Guadalupe (ANM),4,1,0,0,0,0,0,0,0,0,0,0,0,0,0,0,2,0,7
94886,Cacahual (ANM),52,0,0,0,0,0,0,0,5,0,0,0,0,0,0,0,0,25,10
94887,Pana Pana (ANM),7,0,0,0,0,0,0,0,0,0,0,0,0,0,0,0,1,2,9
94888,Morichal (ANM),1,0,0,0,0,0,0,0,0,0,0,0,0,0,0,0,1,4,19
95001,San Jose del Guaviare,3,153,0,248,0,0,100,0,236,0,1213,0,0,0,0,90,6448,1897,1080
95015,Calamar,0,9,0,0,0,0,8,0,14,0,32,0,0,0,0,12,221,273,768
95025,El Retorno,2,16,0,0,0,0,1,0,3,0,44,0,0,0,0,32,636,309,522
95200,Miraflores,0,4,0,0,0,0,1,0,3,0,8,0,0,0,0,5,86,211,463
97001,Mitu,12,8,0,0,0,0,14,0,41,0,77,0,0,0,0,41,696,163,961
97161,Caruru,0,2,0,0,0,0,0,0,0,0,3,0,0,0,0,1,31,9,128
97511,Pacoa (ANM),0,0,0,0,0,0,0,0,14,0,0,0,0,0,0,0,4,1,18
97666,Taraira,0,0,0,0,0,0,0,0,3,0,1,0,0,0,0,1,14,1,89
97777,Papunaua (ANM),0,0,0,0,0,0,0,0,0,0,0,0,0,0,0,0,0,2,18
97889,Yavarate (ANM),0,0,0,0,0,0,0,0,0,0,0,0,0,0,0,0,2,0,5
99001,Puerto Carreno,12,8,0,0,0,0,38,0,283,0,259,0,0,0,0,138,2668,778,72
99524,La Primavera,46,10,0,0,0,0,3,0,78,0,67,0,0,0,0,83,1082,451,49
99624,Santa Rosalia,25,1,0,0,0,0,0,0,14,0,28,0,0,0,0,30,475,116,19
99773,Cumaribo,27,10,0,0,0,0,1,0,13,0,26,0,0,0,0,17,347,336,345
