cod,mpio_name,ADO|EU/LWAL+DNO,CR+PC/LWAL+DUL,CR/LINF+DNO,CR/LINF+DUL,CR/LWAL+DUL,MATO/LN,MCF/LWAL+DNO,MCF/LWAL+DUL,MR/LWAL+DUL,MUR+ST/LWAL+DNO,MUR/LWAL+DNO,UNK,W+WO/LN+DNO,CR/LINF+DUH,CR/LWAL+DUH,MCF/LWAL+DUH,MR/LWAL+DUH,CR/LINF+DUM,CR/LWAL+DUM,MCF/LWAL+DUM,MR/LWAL+DUM
05002,Abejorral,1407,13,0,0,9,1,72,0,0,26,651,461,10,0,0,0,0,0,0,0,0
05004,Abriaquí,31,7,0,0,3,0,23,0,0,9,195,80,12,0,0,0,0,0,0,0,0
05021,Alejandría,27,0,0,0,0,0,37,0,0,20,482,131,7,0,0,0,0,0,0,0,0
05030,Amagá,920,35,0,0,0,7,0,0,0,6,22,677,39,0,0,0,0,0,0,0,0
05031,Amalfi,139,6,0,0,2,6,173,0,0,103,2396,832,312,0,0,0,0,0,0,0,0
05034,Andes,304,7,0,0,0,7,0,0,0,3,12,273,35,0,0,0,0,0,0,0,0
05036,Angelópolis,197,6,0,0,3,1,46,0,0,26,560,115,13,0,0,0,0,0,0,0,0
05038,Angostura,386,4,0,0,6,0,40,0,0,16,356,173,7,0,0,0,0,0,0,0,0
05040,Anorí,75,35,0,0,4,25,94,0,0,62,1336,323,347,0,0,0,0,0,0,0,0
05042,Santafé de Antioquia,1143,34,0,0,27,5,213,0,0,86,2080,1136,39,0,0,0,0,0,0,0,0
05044,Anza,62,7,0,0,1,1,39,0,0,21,504,98,6,0,0,0,0,0,0,0,0
05045,Apartadó,24,38,3455,0,0,30,1182,0,0,229,9209,1431,1881,864,255,2597,0,0,0,0,0
05051,Arboletes,8,8,0,0,4,8,112,0,0,98,1690,491,1627,0,0,0,0,0,0,0,0
05055,Argelia,18,2,0,0,3,1,42,0,0,24,516,174,25,0,0,0,0,0,0,0,0
05059,Armenia,29,4,0,0,1,0,27,0,0,17,367,117,1,0,0,0,0,0,0,0,0
05079,Barbosa,74,7,0,0,0,1,0,0,0,1,7,106,34,0,0,0,0,0,0,0,0
05086,Belmira,172,3,0,0,1,1,26,0,0,14,343,112,2,0,0,0,0,0,0,0,0
05088,Bello,205,231,17766,0,0,26,2812,0,0,192,18080,2471,1583,0,0,0,0,3328,4966,5064,1189
05091,Betania,297,6,0,0,2,0,25,0,0,8,234,45,3,0,0,0,0,0,0,0,0
05093,Betulia,347,9,0,0,10,1,77,0,0,32,766,202,11,0,0,0,0,0,0,0,0
05101,Ciudad Bolívar,1076,12,0,0,13,1,178,0,0,74,1944,403,5,0,0,0,0,0,0,0,0
05107,Briceño,72,2,0,0,3,2,46,0,0,25,536,140,18,0,0,0,0,0,0,0,0
05113,Buriticá,378,4,0,0,2,0,23,0,0,8,225,83,12,0,0,0,0,0,0,0,0
05120,Cáceres,10,11,0,0,3,152,167,0,0,172,2738,864,1517,0,0,0,0,0,0,0,0
05125,Caicedo,262,5,0,0,2,0,16,0,0,5,152,82,5,0,0,0,0,0,0,0,0
05129,Caldas,590,83,2837,0,0,11,649,0,0,51,2945,395,97,531,318,894,187,0,0,0,0
05134,Campamento,224,1,0,0,3,1,33,0,0,17,392,124,10,0,0,0,0,0,0,0,0
05138,Cañasgordas,248,2,0,0,3,4,68,0,0,44,928,218,11,0,0,0,0,0,0,0,0
05142,Caracolí,6,0,0,0,18,0,69,0,0,18,398,54,20,0,0,0,0,0,0,0,0
05145,Caramanta,383,13,0,0,5,0,31,0,0,11,239,171,3,0,0,0,0,0,0,0,0
05147,Carepa,8,16,0,0,0,16,0,0,0,22,88,1189,1186,0,0,0,0,0,0,0,0
05148,El Carmen de Viboral,114,10,0,0,0,1,0,0,0,1,5,563,9,0,0,0,0,0,0,0,0
05150,Carolina,417,4,0,0,4,0,36,0,0,14,379,211,2,0,0,0,0,0,0,0,0
05154,Caucasia,16,30,1680,0,0,153,545,0,0,233,9109,2289,2308,0,0,0,0,420,401,2332,0
05172,Chigorodó,30,48,1096,0,0,27,686,0,0,212,5911,1205,1054,273,108,1652,0,0,0,0,0
05190,Cisneros,246,3,0,0,7,0,83,0,0,36,925,182,11,0,0,0,0,0,0,0,0
05197,Cocorná,23,0,0,0,92,0,294,0,0,44,1073,496,6,0,0,0,0,0,0,0,0
05206,Concepción,228,1,0,0,0,0,21,0,0,11,290,213,1,0,0,0,0,0,0,0,0
05209,Concordia,238,13,0,0,3,3,101,0,0,64,1392,198,21,0,0,0,0,0,0,0,0
05212,Copacabana,880,45,1899,0,0,0,453,0,0,13,3151,184,9,0,0,0,0,357,146,895,124
05234,Dabeiba,80,26,0,0,2,46,129,0,0,101,1972,289,336,0,0,0,0,0,0,0,0
05237,Don Matías,45,6,0,0,29,0,184,0,0,50,1418,170,0,0,0,0,0,0,0,0,0
05240,Ebéjico,196,0,0,0,2,1,44,0,0,22,546,138,2,0,0,0,0,0,0,0,0
05250,El Bagre,10,16,0,0,0,438,0,0,0,57,230,2710,1724,0,0,0,0,0,0,0,0
05264,Entrerrios,65,3,0,0,2,0,70,0,0,28,809,82,3,0,0,0,0,0,0,0,0
05266,Envigado,65,58,4467,0,0,0,1199,0,0,7,7567,812,5,0,0,0,0,838,1138,2125,323
05282,Fredonia,422,14,0,0,3,3,108,0,0,50,1362,247,11,0,0,0,0,0,0,0,0
05284,Frontino,119,8,0,0,5,6,150,0,0,97,2082,357,178,0,0,0,0,0,0,0,0
05306,Giraldo,6,0,0,0,0,0,13,0,0,8,183,34,1,0,0,0,0,0,0,0,0
05308,Girardota,46,15,0,0,0,0,0,0,0,1,2,137,1,0,0,0,0,0,0,0,0
05310,Gómez Plata,414,6,0,0,3,1,71,0,0,38,882,412,8,0,0,0,0,0,0,0,0
05313,Granada,8,1,0,0,1,0,50,0,0,24,626,200,35,0,0,0,0,0,0,0,0
05315,Guadalupe,266,2,0,0,0,0,26,0,0,14,339,100,4,0,0,0,0,0,0,0,0
05318,Guarne,40,29,0,0,33,1,274,0,0,88,2546,250,14,0,0,0,0,0,0,0,0
05321,Guatapé,20,4,0,0,65,0,222,0,0,28,844,270,0,0,0,0,0,0,0,0,0
05347,Heliconia,447,2,0,0,1,2,29,0,0,18,392,280,4,0,0,0,0,0,0,0,0
05353,Hispania,7,1,0,0,0,0,43,0,0,22,569,74,0,0,0,0,0,0,0,0,0
05360,Itagui,467,55,12101,0,0,3,1324,0,0,40,8737,872,152,0,0,0,0,2272,1062,2459,799
05361,Ituango,783,17,0,0,13,30,101,0,0,53,1090,655,171,0,0,0,0,0,0,0,0
05364,Jardín,35,3,0,0,125,4,392,0,0,50,1303,318,20,0,0,0,0,0,0,0,0
05368,Jericó,238,22,0,0,5,1,106,0,0,51,1257,222,3,0,0,0,0,0,0,0,0
05376,La Ceja,252,16,731,0,0,1,532,0,0,11,5779,1185,6,0,0,0,0,183,607,1541,0
05380,La Estrella,378,44,1477,0,0,2,372,0,0,16,4632,343,26,0,0,0,0,369,241,1234,0
05390,La Pintada,5,5,0,0,19,12,124,0,0,57,1199,222,21,0,0,0,0,0,0,0,0
05400,La Unión,40,7,0,0,173,0,523,0,0,63,1603,142,2,0,0,0,0,0,0,0,0
05411,Liborina,313,4,0,0,8,0,69,0,0,33,741,498,0,0,0,0,0,0,0,0,0
05425,Maceo,87,4,0,0,39,0,129,0,0,25,558,151,28,0,0,0,0,0,0,0,0
05440,Marinilla,163,8,892,0,0,2,362,0,0,6,1997,313,7,0,0,0,0,168,1295,568,55
05467,Montebello,60,1,0,0,0,1,25,0,0,14,368,117,3,0,0,0,0,0,0,0,0
05475,Murindó,3,4,0,0,0,5,3,0,0,0,23,124,521,0,0,0,0,0,0,0,0
05480,Mutatá,4,28,0,0,3,17,70,0,0,57,1078,653,1019,0,0,0,0,0,0,0,0
05483,Nariño,2,3,0,0,8,1,68,0,0,35,744,194,15,0,0,0,0,0,0,0,0
05490,Necoclí,15,18,0,0,0,90,0,0,0,36,148,1405,2242,0,0,0,0,0,0,0,0
05495,Nechí,33,47,0,0,3,115,109,0,0,127,1811,637,1291,0,0,0,0,0,0,0,0
05501,Olaya,119,7,0,0,13,1,42,0,0,7,160,172,10,0,0,0,0,0,0,0,0
05541,Peñol,82,5,0,0,34,1,214,0,0,66,1771,310,5,0,0,0,0,0,0,0,0
05543,Peque,142,3,0,0,2,0,36,0,0,26,499,166,13,0,0,0,0,0,0,0,0
05576,Pueblorrico,67,0,0,0,1,2,65,0,0,35,829,152,8,0,0,0,0,0,0,0,0
05579,Puerto Berrío,20,20,0,0,0,20,0,0,0,7,27,1113,1172,0,0,0,0,0,0,0,0
05585,Puerto Nare,4,41,0,0,3,9,163,0,0,122,2475,674,276,0,0,0,0,0,0,0,0
05591,Puerto Triunfo,3,56,0,0,20,9,233,0,0,124,2788,507,199,0,0,0,0,0,0,0,0
05604,Remedios,23,9,0,0,2,27,214,0,0,145,2974,890,758,0,0,0,0,0,0,0,0
05607,Retiro,20,8,0,0,7,0,200,0,0,71,2011,424,7,0,0,0,0,0,0,0,0
05615,Rionegro,684,63,1332,0,0,1,662,0,0,12,8639,1394,16,0,0,0,0,336,293,2302,0
05628,Sabanalarga,312,1,0,0,0,1,27,0,0,21,405,244,1,0,0,0,0,0,0,0,0
05631,Sabaneta,10,21,1979,0,0,2,380,0,0,3,2480,262,2,0,0,0,0,372,314,700,134
05642,Salgar,71,2,0,0,57,1,209,0,0,43,1037,126,7,0,0,0,0,0,0,0,0
05647,San Andrés de Cuerquía,49,0,0,0,0,2,45,0,0,31,655,169,5,0,0,0,0,0,0,0,0
05649,San Carlos,20,4,0,0,4,5,117,0,0,64,1529,373,30,0,0,0,0,0,0,0,0
05652,San Francisco,5,2,0,0,44,0,139,0,0,25,541,414,81,0,0,0,0,0,0,0,0
05656,San Jerónimo,130,9,0,0,5,1,71,0,0,32,813,1208,3,0,0,0,0,0,0,0,0
05658,San José de La Montaña,157,0,0,0,1,0,27,0,0,12,313,115,0,0,0,0,0,0,0,0,0
05659,San Juan de Urabá,4,9,0,0,1,17,83,0,0,77,1344,443,1052,0,0,0,0,0,0,0,0
05660,San Luis,3,3,0,0,3,1,108,0,0,61,1464,255,18,0,0,0,0,0,0,0,0
05664,San Pedro,147,17,0,0,11,0,135,0,0,49,1403,179,2,0,0,0,0,0,0,0,0
05665,San Pedro de Uraba,10,3,0,0,4,13,143,0,0,151,2325,638,943,0,0,0,0,0,0,0,0
05667,San Rafael,56,1,0,0,10,0,131,0,0,63,1506,300,12,0,0,0,0,0,0,0,0
05670,San Roque,644,6,0,0,6,1,135,0,0,82,1795,529,66,0,0,0,0,0,0,0,0
05674,San Vicente,158,8,0,0,1,0,37,0,0,17,451,77,7,0,0,0,0,0,0,0,0
05679,Santa Bárbara,747,29,0,0,3,1,110,0,0,53,1374,349,6,0,0,0,0,0,0,0,0
05686,Santa Rosa de Osos,313,21,0,0,15,0,166,0,0,67,1709,481,4,0,0,0,0,0,0,0,0
05690,Santo Domingo,456,4,0,0,3,4,58,0,0,33,735,387,3,0,0,0,0,0,0,0,0
05697,El Santuario,32,11,0,0,0,0,0,0,0,0,3,369,0,0,0,0,0,0,0,0,0
05736,Segovia,185,34,0,0,0,82,0,0,0,11,43,1443,1314,0,0,0,0,0,0,0,0
05756,Sonson,1473,28,0,0,12,2,253,0,0,142,3240,769,164,0,0,0,0,0,0,0,0
05761,Sopetrán,248,13,0,0,41,1,187,0,0,52,1243,587,5,0,0,0,0,0,0,0,0
05789,Támesis,387,2,0,0,7,1,135,0,0,63,1587,314,12,0,0,0,0,0,0,0,0
05790,Tarazá,37,24,0,0,3,66,201,0,0,160,3067,1670,908,0,0,0,0,0,0,0,0
05792,Tarso,3,2,0,0,1,0,29,0,0,20,410,30,3,0,0,0,0,0,0,0,0
05809,Titiribí,242,11,0,0,6,0,68,0,0,32,770,269,3,0,0,0,0,0,0,0,0
05819,Toledo,139,4,0,0,1,2,26,0,0,12,321,185,5,0,0,0,0,0,0,0,0
05837,Turbo,39,75,1337,0,0,52,1017,0,0,362,8677,4147,5722,334,299,2336,0,0,0,0,0
05842,Uramita,85,1,0,0,0,1,28,0,0,19,407,79,16,0,0,0,0,0,0,0,0
05847,Urrao,72,9,0,0,8,8,248,0,0,142,3285,660,324,0,0,0,0,0,0,0,0
05854,Valdivia,3,2,0,0,2,4,52,0,0,33,683,205,55,0,0,0,0,0,0,0,0
05856,Valparaíso,244,2,0,0,32,0,117,0,0,23,551,171,2,0,0,0,0,0,0,0,0
05858,Vegachí,21,4,0,0,3,1,104,0,0,74,1538,180,89,0,0,0,0,0,0,0,0
05861,Venecia,243,3,0,0,5,0,100,0,0,51,1237,250,6,0,0,0,0,0,0,0,0
05873,Vigía del Fuerte,6,0,0,0,0,5,5,0,0,3,56,378,1487,0,0,0,0,0,0,0,0
05885,Yalí,316,1,0,0,1,2,36,0,0,27,524,116,41,0,0,0,0,0,0,0,0
05887,Yarumal,588,95,0,0,0,2,0,0,0,9,36,843,59,0,0,0,0,0,0,0,0
05890,Yolombó,443,12,0,0,3,0,100,0,0,60,1367,391,81,0,0,0,0,0,0,0,0
05893,Yondó,4,24,0,0,3,7,138,0,0,106,2077,924,986,0,0,0,0,0,0,0,0
05895,Zaragoza,7,26,0,0,23,61,142,0,0,76,1410,466,839,0,0,0,0,0,0,0,0
08001,Barranquilla,48,1108,34603,5949,6552,108,11035,21654,2992,802,77435,12448,2586,0,0,0,0,0,0,0,0
08078,Baranoa,16,68,887,0,0,333,427,0,0,141,7517,986,138,0,0,0,0,222,143,1966,0
08137,Campo de La Cruz,69,35,0,0,0,45,0,0,0,44,174,361,18,0,0,0,0,0,0,0,0
08141,Candelaria,25,40,0,0,0,7,156,0,0,135,2509,190,7,0,0,0,0,0,0,0,0
08296,Galapa,4,19,830,0,0,9,437,0,0,73,6255,608,288,0,0,0,0,206,239,1653,0
08372,Juan de Acosta,5,1,0,0,5,2,122,0,0,79,1634,129,2,0,0,0,0,0,0,0,0
08421,Luruaco,389,140,0,0,0,126,0,0,0,40,161,436,49,0,0,0,0,0,0,0,0
08433,Malambo,26,76,1984,0,0,21,832,0,0,185,13577,1965,323,0,0,0,0,495,111,3573,0
08436,Manatí,9,0,0,0,53,12,284,0,0,137,2595,253,2,0,0,0,0,0,0,0,0
08520,Palmar de Varela,1,0,0,0,0,26,0,0,0,14,55,142,153,0,0,0,0,0,0,0,0
08549,Piojó,17,1,0,0,0,7,47,0,0,42,784,90,12,0,0,0,0,0,0,0,0
08558,Polonuevo,0,0,0,0,1,35,167,0,0,126,2561,136,0,0,0,0,0,0,0,0,0
08560,Ponedera,25,1,0,0,0,54,0,0,0,31,127,249,189,0,0,0,0,0,0,0,0
08573,Puerto Colombia,14,47,771,0,0,12,307,0,0,42,4719,762,291,0,0,0,0,194,56,1244,0
08606,Repelón,522,5,0,0,0,8,0,0,0,30,124,414,41,0,0,0,0,0,0,0,0
08634,Sabanagrande,0,5,0,0,0,7,0,0,0,16,65,252,152,0,0,0,0,0,0,0,0
08638,Sabanalarga,175,56,632,0,0,114,651,0,0,228,12103,1204,526,0,0,0,0,157,43,3167,0
08675,Santa Lucía,18,125,0,0,1,65,114,0,0,109,1894,118,0,0,0,0,0,0,0,0,0
08685,Santo Tomás,1,11,0,0,0,21,0,0,0,13,54,331,115,0,0,0,0,0,0,0,0
08758,Soledad,10,320,13186,0,0,23,7230,0,0,552,52924,4308,247,0,0,0,0,2475,1343,14923,899
08770,Suan,1,3,0,0,1,1,97,0,0,76,1482,87,0,0,0,0,0,0,0,0,0
08832,Tubará,70,4,0,0,1,7,101,0,0,78,1519,543,41,0,0,0,0,0,0,0,0
08849,Usiacurí,3,0,0,0,1,32,94,0,0,66,1369,92,3,0,0,0,0,0,0,0,0
13001,Cartagena,471,1177,30177,5188,5395,374,9165,18433,2612,1171,66959,13915,10312,0,0,0,0,0,0,0,0
13006,Achí,62,6,0,0,1,25,66,0,0,129,1353,337,992,0,0,0,0,0,0,0,0
13030,Altos del Rosario,9,5,0,0,0,38,36,0,0,56,688,187,387,0,0,0,0,0,0,0,0
13042,Arenal,26,7,0,0,1,18,66,0,0,72,1155,291,166,0,0,0,0,0,0,0,0
13052,Arjona,667,84,470,0,0,315,487,0,0,262,7929,1636,609,0,0,0,0,116,467,1969,0
13062,Arroyohondo,204,32,0,0,0,8,57,0,0,55,942,220,21,0,0,0,0,0,0,0,0
13074,Barranco de Loba,75,1,0,0,0,63,79,0,0,129,1527,422,622,0,0,0,0,0,0,0,0
13140,Calamar,244,108,0,0,0,42,0,0,0,60,242,360,52,0,0,0,0,0,0,0,0
13160,Cantagallo,1,0,0,0,0,14,40,0,0,33,612,213,475,0,0,0,0,0,0,0,0
13188,Cicuco,229,38,0,0,1,51,105,0,0,152,1960,363,127,0,0,0,0,0,0,0,0
13212,Córdoba,893,30,0,0,2,13,115,0,0,139,1955,467,54,0,0,0,0,0,0,0,0
13222,Clemencia,312,5,0,0,2,96,100,0,0,106,1679,261,359,0,0,0,0,0,0,0,0
13244,El Carmen de Bolívar,3218,14,357,0,0,320,316,0,0,188,6066,1061,407,0,0,0,0,89,24,1504,0
13248,El Guamo,605,1,0,0,1,16,49,0,0,72,935,218,11,0,0,0,0,0,0,0,0
13268,El Peñón,22,1,0,0,1,16,41,0,0,59,771,178,279,0,0,0,0,0,0,0,0
13300,Hatillo de Loba,78,3,0,0,0,63,69,0,0,108,1352,291,386,0,0,0,0,0,0,0,0
13430,Magangué,808,587,853,0,0,828,825,0,0,793,16659,2772,2439,0,0,0,0,214,372,3849,0
13433,Mahates,757,26,0,0,0,102,0,0,0,35,143,425,141,0,0,0,0,0,0,0,0
13440,Margarita,184,87,0,0,8,11,57,0,0,95,907,189,87,0,0,0,0,0,0,0,0
13442,María La Baja,125,200,94,0,0,1020,228,0,0,344,5488,682,710,0,0,0,0,24,17,1181,0
13458,Montecristo,4,4,0,0,0,19,39,0,0,54,708,291,1397,0,0,0,0,0,0,0,0
13468,Mompós,368,269,0,0,0,130,0,0,0,276,1104,1260,496,0,0,0,0,0,0,0,0
13473,Morales,32,25,0,0,0,31,77,0,0,138,1552,284,1554,0,0,0,0,0,0,0,0
13490,Norosí,3,3,0,0,0,46,19,0,0,22,340,86,568,0,0,0,0,0,0,0,0
13549,Pinillos,21,57,0,0,2,236,66,0,0,227,1694,281,803,0,0,0,0,0,0,0,0
13580,Regidor,2,21,0,0,0,7,37,0,0,46,664,176,249,0,0,0,0,0,0,0,0
13600,Río Viejo ,42,5,0,0,0,21,55,0,0,57,936,217,462,0,0,0,0,0,0,0,0
13620,San Cristóbal,2,2,0,0,9,15,83,0,0,80,1166,117,1,0,0,0,0,0,0,0,0
13647,San Estanislao,345,38,0,0,1,74,151,0,0,166,2588,349,30,0,0,0,0,0,0,0,0
13650,San Fernando,234,110,0,0,0,3,46,0,0,91,979,240,145,0,0,0,0,0,0,0,0
13654,San Jacinto,943,13,0,0,0,100,0,0,0,55,215,382,105,0,0,0,0,0,0,0,0
13655,San Jacinto del Cauca,13,1,0,0,0,58,27,0,0,59,585,239,455,0,0,0,0,0,0,0,0
13657,San Juan Nepomuceno,362,14,0,0,0,142,0,0,0,64,256,803,177,0,0,0,0,0,0,0,0
13667,San Martín de Loba,86,11,0,0,1,63,98,0,0,115,1724,387,740,0,0,0,0,0,0,0,0
13670,San Pablo,7,32,0,0,0,62,0,0,0,62,247,1137,1610,0,0,0,0,0,0,0,0
13673,Santa Catalina,112,7,0,0,2,48,167,0,0,127,2546,407,258,0,0,0,0,0,0,0,0
13683,Santa Rosa,2,193,0,0,2,2,113,0,0,82,1669,118,973,0,0,0,0,0,0,0,0
13688,Santa Rosa del Sur,27,10,0,0,4,40,206,0,0,170,3181,548,944,0,0,0,0,0,0,0,0
13744,Simití,26,7,0,0,5,32,132,0,0,125,2098,677,655,0,0,0,0,0,0,0,0
13760,Soplaviento,217,26,0,0,0,3,93,0,0,89,1521,123,16,0,0,0,0,0,0,0,0
13780,Talaigua Nuevo,267,119,0,0,0,7,101,0,0,151,1919,237,28,0,0,0,0,0,0,0,0
13810,Tiquisio,19,78,0,0,0,26,59,0,0,76,1062,404,1040,0,0,0,0,0,0,0,0
13836,Turbaco,23,24,1239,0,0,53,653,0,0,94,10496,1840,281,0,0,0,0,309,102,2775,0
13838,Turbaná,122,3,0,0,1,40,161,0,0,105,2342,162,264,0,0,0,0,0,0,0,0
13873,Villanueva,155,11,0,0,0,39,0,0,0,36,143,199,1202,0,0,0,0,0,0,0,0
13894,Zambrano,174,5,0,0,0,127,104,0,0,109,1760,265,51,0,0,0,0,0,0,0,0
15001,Tunja,278,371,3673,0,0,6,2562,0,0,104,16810,2849,18,916,708,4761,0,0,0,0,0
15022,Almeida,6,3,0,0,0,1,6,0,0,3,76,20,1,0,0,0,0,0,0,0,0
15047,Aquitania,56,8,0,0,3,0,92,0,0,57,1235,268,34,0,0,0,0,0,0,0,0
15051,Arcabuco,3,10,0,0,6,2,48,0,0,13,413,59,0,0,0,0,0,0,0,0,0
15087,Belén,63,1,0,0,0,1,71,0,0,37,949,151,0,0,0,0,0,0,0,0,0
15090,Berbeo,24,3,0,0,0,0,9,0,0,4,96,36,11,0,0,0,0,0,0,0,0
15092,Betéitiva,27,0,0,0,0,0,5,0,0,3,74,27,0,0,0,0,0,0,0,0,0
15097,Boavita,144,0,0,0,1,0,32,0,0,20,444,96,2,0,0,0,0,0,0,0,0
15104,Boyacá,9,2,0,0,0,0,15,0,0,7,186,24,1,0,0,0,0,0,0,0,0
15106,Briceño,1,0,0,0,0,0,8,0,0,5,114,37,9,0,0,0,0,0,0,0,0
15109,Buenavista,8,0,0,0,0,0,12,0,0,7,173,24,2,0,0,0,0,0,0,0,0
15114,Busbanzá,19,0,0,0,1,0,8,0,0,3,77,52,0,0,0,0,0,0,0,0,0
15131,Caldas,11,0,0,0,0,0,8,0,0,6,125,45,1,0,0,0,0,0,0,0,0
15135,Campohermoso,47,6,0,0,0,0,11,0,0,9,166,60,14,0,0,0,0,0,0,0,0
15162,Cerinza,8,1,0,0,0,0,26,0,0,13,370,72,1,0,0,0,0,0,0,0,0
15172,Chinavita,12,1,0,0,0,0,23,0,0,15,323,111,1,0,0,0,0,0,0,0,0
15176,Chiquinquirá,65,54,1279,0,0,4,331,0,0,52,4971,911,31,0,0,0,0,318,73,1292,0
15180,Chiscas,158,2,0,0,0,0,12,0,0,8,165,152,3,0,0,0,0,0,0,0,0
15183,Chita,197,6,0,0,0,0,22,0,0,17,298,276,21,0,0,0,0,0,0,0,0
15185,Chitaraque,2,0,0,0,0,1,18,0,0,12,266,53,6,0,0,0,0,0,0,0,0
15187,Chivatá,6,0,0,0,0,0,6,0,0,4,103,9,1,0,0,0,0,0,0,0,0
15189,Ciénega,11,1,0,0,0,0,19,0,0,9,281,94,0,0,0,0,0,0,0,0,0
15204,Cómbita,13,1,0,0,0,0,23,0,0,11,323,39,0,0,0,0,0,0,0,0,0
15212,Coper,12,10,0,0,8,1,47,0,0,24,439,117,73,0,0,0,0,0,0,0,0
15215,Corrales,151,1,0,0,0,0,16,0,0,10,234,52,0,0,0,0,0,0,0,0,0
15218,Covarachía,30,1,0,0,0,0,8,0,0,6,116,32,0,0,0,0,0,0,0,0,0
15223,Cubará,4,2,0,0,1,32,48,0,0,38,739,366,228,0,0,0,0,0,0,0,0
15224,Cucaita,53,2,0,0,0,1,18,0,0,14,282,56,0,0,0,0,0,0,0,0,0
15226,Cuítiva,6,3,0,0,2,0,9,0,0,4,85,44,0,0,0,0,0,0,0,0,0
15232,Chíquiza,4,0,0,0,0,0,5,0,0,5,102,30,0,0,0,0,0,0,0,0,0
15236,Chivor,6,1,0,0,0,0,8,0,0,6,152,17,10,0,0,0,0,0,0,0,0
15238,Duitama,228,69,3384,0,0,8,1546,0,0,64,10647,2068,31,848,177,3019,0,0,0,0,0
15244,El Cocuy,299,1,0,0,0,1,19,0,0,12,243,119,8,0,0,0,0,0,0,0,0
15248,El Espino,65,0,0,0,2,0,24,0,0,13,279,93,2,0,0,0,0,0,0,0,0
15272,Firavitoba,30,0,0,0,0,0,41,0,0,22,552,102,5,0,0,0,0,0,0,0,0
15276,Floresta,110,1,0,0,0,0,17,0,0,11,248,115,1,0,0,0,0,0,0,0,0
15293,Gachantivá,27,7,0,0,4,0,17,0,0,4,108,51,2,0,0,0,0,0,0,0,0
15296,Gameza,29,0,0,0,1,0,26,0,0,11,309,55,0,0,0,0,0,0,0,0,0
15299,Garagoa,43,51,0,0,9,4,205,0,0,103,2489,506,14,0,0,0,0,0,0,0,0
15317,Guacamayas,64,1,0,0,0,0,8,0,0,5,115,51,0,0,0,0,0,0,0,0,0
15322,Guateque,99,19,0,0,2,5,110,0,0,67,1451,341,10,0,0,0,0,0,0,0,0
15325,Guayatá,36,23,0,0,0,0,15,0,0,9,211,131,2,0,0,0,0,0,0,0,0
15332,Güicán,90,2,0,0,1,2,16,0,0,15,236,113,10,0,0,0,0,0,0,0,0
15362,Iza,63,2,0,0,1,0,18,0,0,9,244,95,4,0,0,0,0,0,0,0,0
15367,Jenesano,6,1,0,0,0,0,28,0,0,13,378,145,1,0,0,0,0,0,0,0,0
15368,Jericó,83,2,0,0,0,0,10,0,0,12,196,71,1,0,0,0,0,0,0,0,0
15377,Labranzagrande,69,1,0,0,0,0,13,0,0,11,212,55,21,0,0,0,0,0,0,0,0
15380,La Capilla,15,1,0,0,0,0,18,0,0,11,255,57,0,0,0,0,0,0,0,0,0
15401,La Victoria,7,2,0,0,0,0,7,0,0,6,119,36,31,0,0,0,0,0,0,0,0
15403,La Uvita,51,3,0,0,2,1,23,0,0,14,280,146,0,0,0,0,0,0,0,0,0
15407,Villa de Leyva,35,3,0,0,2,0,121,0,0,51,1452,391,9,0,0,0,0,0,0,0,0
15425,Macanal,23,0,0,0,0,0,20,0,0,11,262,69,4,0,0,0,0,0,0,0,0
15442,Maripí,4,3,0,0,0,0,13,0,0,10,197,85,69,0,0,0,0,0,0,0,0
15455,Miraflores,141,77,0,0,1,1,75,0,0,42,995,183,46,0,0,0,0,0,0,0,0
15464,Mongua,114,0,0,0,0,0,25,0,0,18,365,148,22,0,0,0,0,0,0,0,0
15466,Monguí,50,1,0,0,0,0,44,0,0,25,579,259,2,0,0,0,0,0,0,0,0
15469,Moniquirá,12,9,0,0,7,4,191,0,0,78,2232,529,5,0,0,0,0,0,0,0,0
15476,Motavita,1,2,0,0,0,0,14,0,0,5,151,17,0,0,0,0,0,0,0,0,0
15480,Muzo,0,54,0,0,1,21,65,0,0,38,864,69,226,0,0,0,0,0,0,0,0
15491,Nobsa,45,7,0,0,34,1,267,0,0,85,2403,395,1,0,0,0,0,0,0,0,0
15494,Nuevo Colón,5,1,0,0,0,0,17,0,0,9,232,84,2,0,0,0,0,0,0,0,0
15500,Oicatá,6,0,0,0,0,0,9,0,0,3,91,38,1,0,0,0,0,0,0,0,0
15507,Otanche,0,10,0,0,2,6,27,0,0,14,306,102,414,0,0,0,0,0,0,0,0
15511,Pachavita,9,1,0,0,0,0,11,0,0,6,133,38,1,0,0,0,0,0,0,0,0
15514,Páez,31,21,0,0,2,0,32,0,0,13,325,125,32,0,0,0,0,0,0,0,0
15516,Paipa,66,41,0,0,13,1,343,0,0,145,4034,1008,5,0,0,0,0,0,0,0,0
15518,Pajarito,0,0,0,0,0,1,22,0,0,11,309,66,17,0,0,0,0,0,0,0,0
15522,Panqueba,20,2,0,0,0,0,11,0,0,7,148,48,0,0,0,0,0,0,0,0,0
15531,Pauna,1,5,0,0,1,1,38,0,0,25,512,65,50,0,0,0,0,0,0,0,0
15533,Paya,151,1,0,0,0,2,5,0,0,7,91,77,131,0,0,0,0,0,0,0,0
15537,Paz de Río,22,1,0,0,1,0,43,0,0,21,568,142,0,0,0,0,0,0,0,0,0
15542,Pesca,12,0,0,0,0,0,7,0,0,4,109,15,2,0,0,0,0,0,0,0,0
15550,Pisba,92,1,0,0,0,1,6,0,0,3,93,62,5,0,0,0,0,0,0,0,0
15572,Puerto Boyacá,7,34,0,0,0,116,0,0,0,11,43,2328,1479,0,0,0,0,0,0,0,0
15580,Quípama,1,1,0,0,0,2,20,0,0,12,273,68,114,0,0,0,0,0,0,0,0
15599,Ramiriquí,35,1,0,0,3,0,73,0,0,37,904,352,5,0,0,0,0,0,0,0,0
15600,Ráquira,46,7,0,0,0,0,34,0,0,22,493,71,4,0,0,0,0,0,0,0,0
15621,Rondón,6,1,0,0,0,0,11,0,0,6,161,77,2,0,0,0,0,0,0,0,0
15632,Saboyá,46,2,0,0,5,1,33,0,0,11,252,56,5,0,0,0,0,0,0,0,0
15638,Sáchica,9,4,0,0,0,0,36,0,0,19,526,81,1,0,0,0,0,0,0,0,0
15646,Samacá,22,15,0,0,2,0,107,0,0,47,1316,135,2,0,0,0,0,0,0,0,0
15660,San Eduardo,16,0,0,0,1,0,16,0,0,10,188,62,7,0,0,0,0,0,0,0,0
15664,San José de Pare,1,3,0,0,0,1,15,0,0,10,230,33,12,0,0,0,0,0,0,0,0
15667,San Luis de Gaceno,13,11,0,0,3,1,49,0,0,29,592,157,26,0,0,0,0,0,0,0,0
15673,San Mateo,68,0,0,0,0,0,17,0,0,12,261,146,1,0,0,0,0,0,0,0,0
15676,San Miguel de Sema,11,0,0,0,0,0,6,0,0,4,97,24,1,0,0,0,0,0,0,0,0
15681,San Pablo de Borbur,0,8,0,0,0,0,6,0,0,5,92,20,122,0,0,0,0,0,0,0,0
15686,Santana,7,8,0,0,2,5,51,0,0,29,668,116,12,0,0,0,0,0,0,0,0
15690,Santa María,4,4,0,0,0,2,35,0,0,23,506,89,17,0,0,0,0,0,0,0,0
15693,Santa Rosa de Viterbo,61,2,0,0,8,1,165,0,0,71,1881,182,2,0,0,0,0,0,0,0,0
15696,Santa Sofía,20,1,0,0,1,0,14,0,0,8,172,88,1,0,0,0,0,0,0,0,0
15720,Sativanorte,82,1,0,0,0,0,9,0,0,8,149,226,0,0,0,0,0,0,0,0,0
15723,Sativasur,24,1,0,0,0,0,4,0,0,1,48,41,0,0,0,0,0,0,0,0,0
15740,Siachoque,21,0,0,0,0,0,16,0,0,10,228,91,0,0,0,0,0,0,0,0,0
15753,Soatá,123,4,0,0,16,0,119,0,0,38,1060,209,1,0,0,0,0,0,0,0,0
15755,Socotá,114,3,0,0,0,0,18,0,0,9,242,66,7,0,0,0,0,0,0,0,0
15757,Socha,88,4,0,0,1,1,68,0,0,33,863,113,3,0,0,0,0,0,0,0,0
15759,Sogamoso,138,70,4156,0,0,7,1810,0,0,43,12134,1892,20,1038,334,3462,0,0,0,0,0
15761,Somondoco,25,3,0,0,0,0,13,0,0,5,154,75,0,0,0,0,0,0,0,0,0
15762,Sora,21,3,0,0,0,0,6,0,0,4,91,35,0,0,0,0,0,0,0,0,0
15763,Sotaquirá,38,2,0,0,0,0,19,0,0,14,278,73,0,0,0,0,0,0,0,0,0
15764,Soracá,3,2,0,0,19,0,65,0,0,9,224,36,3,0,0,0,0,0,0,0,0
15774,Susacón,20,0,0,0,0,0,2,0,0,0,30,4,0,0,0,0,0,0,0,0,0
15776,Sutamarchán,6,1,0,0,0,0,34,0,0,14,401,102,1,0,0,0,0,0,0,0,0
15778,Sutatenza,21,2,0,0,0,0,12,0,0,8,166,59,4,0,0,0,0,0,0,0,0
15790,Tasco,64,0,0,0,0,1,28,0,0,17,391,121,1,0,0,0,0,0,0,0,0
15798,Tenza,47,2,0,0,0,0,18,0,0,11,247,131,1,0,0,0,0,0,0,0,0
15804,Tibaná,46,0,0,0,0,0,27,0,0,18,377,105,1,0,0,0,0,0,0,0,0
15806,Tibasosa,32,6,0,0,6,5,92,0,0,34,969,182,8,0,0,0,0,0,0,0,0
15808,Tinjacá,4,37,0,0,0,0,14,0,0,6,178,74,0,0,0,0,0,0,0,0,0
15810,Tipacoque,12,0,0,0,0,0,10,0,0,8,147,22,1,0,0,0,0,0,0,0,0
15814,Toca,37,2,0,0,0,1,41,0,0,23,556,84,4,0,0,0,0,0,0,0,0
15816,Togüí,3,0,0,0,0,0,10,0,0,6,132,47,3,0,0,0,0,0,0,0,0
15820,Tópaga,67,5,0,0,0,0,18,0,0,10,247,37,0,0,0,0,0,0,0,0,0
15822,Tota,38,0,0,0,0,0,12,0,0,10,184,94,1,0,0,0,0,0,0,0,0
15832,Tununguá,0,0,0,0,0,0,3,0,0,2,60,7,8,0,0,0,0,0,0,0,0
15835,Turmequé,79,13,0,0,0,0,28,0,0,19,403,125,3,0,0,0,0,0,0,0,0
15837,Tuta,21,2,0,0,0,0,39,0,0,21,523,73,1,0,0,0,0,0,0,0,0
15839,Tutazá,3,1,0,0,0,0,2,0,0,1,37,4,0,0,0,0,0,0,0,0,0
15842,Umbita,14,3,0,0,1,0,21,0,0,13,264,65,1,0,0,0,0,0,0,0,0
15861,Ventaquemada,10,4,0,0,1,0,52,0,0,25,646,66,1,0,0,0,0,0,0,0,0
15879,Viracachá,32,0,0,0,0,0,10,0,0,4,106,97,0,0,0,0,0,0,0,0,0
15897,Zetaquira,55,3,0,0,1,1,19,0,0,11,233,85,19,0,0,0,0,0,0,0,0
17001,Manizales,2590,858,10465,0,0,407,6220,0,0,597,27669,4058,1003,1964,4645,7847,817,0,0,0,0
17013,Aguadas,503,40,0,0,12,1,160,0,0,82,1794,294,12,0,0,0,0,0,0,0,0
17042,Anserma,852,19,0,0,78,32,403,0,0,117,2876,417,57,0,0,0,0,0,0,0,0
17050,Aranzazu,440,16,0,0,17,4,83,0,0,34,572,113,13,0,0,0,0,0,0,0,0
17088,Belalcázar,226,59,0,0,4,10,40,0,0,26,495,80,15,0,0,0,0,0,0,0,0
17174,Chinchiná,111,20,288,0,0,58,1004,0,0,32,4510,461,130,70,1483,1278,0,0,0,0,0
17272,Filadelfia,233,9,0,0,3,10,47,0,0,29,574,71,31,0,0,0,0,0,0,0,0
17380,La Dorada,53,47,763,0,0,82,667,0,0,165,11592,3086,981,0,0,0,0,189,149,3076,0
17388,La Merced,15,2,0,0,0,1,12,0,0,6,130,14,6,0,0,0,0,0,0,0,0
17433,Manzanares,7,5,0,0,32,3,148,0,0,75,1168,241,112,0,0,0,0,0,0,0,0
17442,Marmato,245,18,0,0,3,2,47,0,0,21,558,100,8,0,0,0,0,0,0,0,0
17444,Marquetalia,2,1,0,0,7,1,47,0,0,22,460,26,9,0,0,0,0,0,0,0,0
17446,Marulanda,83,5,0,0,4,0,22,0,0,15,150,158,118,0,0,0,0,0,0,0,0
17486,Neira,718,29,0,0,18,48,187,0,0,84,1713,462,91,0,0,0,0,0,0,0,0
17495,Norcasia,1,1,0,0,2,2,67,0,0,47,956,211,141,0,0,0,0,0,0,0,0
17513,Pácora,596,18,0,0,23,1,153,0,0,68,1343,259,8,0,0,0,0,0,0,0,0
17524,Palestina,82,4,0,0,7,53,130,0,0,76,1661,393,63,0,0,0,0,0,0,0,0
17541,Pensilvania,18,103,0,0,84,0,260,0,0,86,1049,449,701,0,0,0,0,0,0,0,0
17614,Riosucio,566,50,0,0,0,37,0,0,0,16,63,461,104,0,0,0,0,0,0,0,0
17616,Risaralda,272,28,0,0,15,8,86,0,0,43,767,70,25,0,0,0,0,0,0,0,0
17653,Salamina,1151,117,0,0,20,19,120,0,0,69,1046,456,74,0,0,0,0,0,0,0,0
17662,Samaná,16,8,0,0,13,4,129,0,0,84,1515,282,172,0,0,0,0,0,0,0,0
17665,San José,76,7,0,0,2,5,25,0,0,13,283,128,7,0,0,0,0,0,0,0,0
17777,Supía,198,3,0,0,6,4,199,0,0,102,2496,238,12,0,0,0,0,0,0,0,0
17867,Victoria,0,0,0,0,3,5,97,0,0,64,1351,279,62,0,0,0,0,0,0,0,0
17873,Villamaría,191,64,1647,0,0,83,969,0,0,60,5390,786,184,410,887,1501,0,0,0,0,0
17877,Viterbo,165,5,0,0,38,2,244,0,0,80,2091,223,10,0,0,0,0,0,0,0,0
18001,Florencia,77,112,2433,0,0,165,2829,0,0,444,20977,7062,4584,608,613,5896,0,0,0,0,0
18029,Albania,2,3,0,0,0,0,34,0,0,32,590,228,90,0,0,0,0,0,0,0,0
18094,Belén de Los Andaquies,8,2,0,0,2,20,65,0,0,59,986,137,266,0,0,0,0,0,0,0,0
18150,Cartagena del Chairá,11,76,0,0,7,95,140,0,0,119,2043,1155,3144,0,0,0,0,0,0,0,0
18205,Curillo,0,10,0,0,4,3,70,0,0,49,905,377,473,0,0,0,0,0,0,0,0
18247,El Doncello,6,4,0,0,10,13,205,0,0,176,3078,519,627,0,0,0,0,0,0,0,0
18256,El Paujil,2,4,0,0,3,49,105,0,0,87,1637,280,542,0,0,0,0,0,0,0,0
18410,La Montañita,8,84,0,0,3,40,63,0,0,51,912,408,890,0,0,0,0,0,0,0,0
18460,Milán,7,2,0,0,1,1,27,0,0,22,415,441,354,0,0,0,0,0,0,0,0
18479,Morelia,1,0,0,0,0,3,22,0,0,19,335,51,47,0,0,0,0,0,0,0,0
18592,Puerto Rico,16,8,0,0,2,24,185,0,0,175,3078,734,1167,0,0,0,0,0,0,0,0
18610,San José del Fragua,2,4,0,0,0,7,89,0,0,82,1461,663,755,0,0,0,0,0,0,0,0
18753,San Vicente del Caguán,38,58,0,0,0,62,0,0,0,25,99,1306,4164,0,0,0,0,0,0,0,0
18756,Solano,2,27,0,0,9,13,65,0,0,30,625,301,1154,0,0,0,0,0,0,0,0
18785,Solita,1,64,0,0,0,2,27,0,0,22,410,394,779,0,0,0,0,0,0,0,0
18860,Valparaíso,0,8,0,0,0,1,33,0,0,30,572,245,213,0,0,0,0,0,0,0,0
19001,Popayán,541,785,4829,0,0,322,6664,0,0,516,30518,11301,3581,907,729,9231,384,0,0,0,0
19022,Almaguer,565,14,0,0,0,0,16,0,0,16,245,348,4,0,0,0,0,0,0,0,0
19050,Argelia,74,11,0,0,1,14,56,0,0,55,928,64,235,0,0,0,0,0,0,0,0
19075,Balboa,460,5,0,0,0,14,69,0,0,66,1144,292,40,0,0,0,0,0,0,0,0
19100,Bolívar,1636,13,0,0,2,6,65,0,0,46,890,596,25,0,0,0,0,0,0,0,0
19110,Buenos Aires,420,14,0,0,1,19,77,0,0,58,1155,101,288,0,0,0,0,0,0,0,0
19130,Cajibío,269,28,0,0,1,7,56,0,0,48,858,302,55,0,0,0,0,0,0,0,0
19137,Caldono,183,4,0,0,3,3,44,0,0,32,577,109,10,0,0,0,0,0,0,0,0
19142,Caloto,394,20,0,0,3,93,117,0,0,87,1687,421,137,0,0,0,0,0,0,0,0
19212,Corinto,396,48,0,0,4,57,183,0,0,128,2618,524,101,0,0,0,0,0,0,0,0
19256,El Tambo,383,9,0,0,0,21,53,0,0,51,863,328,640,0,0,0,0,0,0,0,0
19290,Florencia,107,0,0,0,0,2,15,0,0,10,219,65,0,0,0,0,0,0,0,0,0
19300,Guachené ,134,5,0,0,0,10,195,0,0,166,3118,371,12,0,0,0,0,0,0,0,0
19318,Guapi,17,50,0,0,13,17,117,0,0,57,1187,623,3398,0,0,0,0,0,0,0,0
19355,Inzá,907,2,0,0,0,7,28,0,0,23,438,172,65,0,0,0,0,0,0,0,0
19364,Jambaló,76,2,0,0,0,1,14,0,0,14,226,84,5,0,0,0,0,0,0,0,0
19392,La Sierra,232,6,0,0,0,17,20,0,0,27,360,171,31,0,0,0,0,0,0,0,0
19397,La Vega,738,5,0,0,0,3,28,0,0,31,474,678,13,0,0,0,0,0,0,0,0
19418,López,7,14,0,0,4,12,37,0,0,21,415,434,1949,0,0,0,0,0,0,0,0
19450,Mercaderes,1290,2,0,0,0,11,77,0,0,119,1435,494,19,0,0,0,0,0,0,0,0
19455,Miranda,135,8,0,0,0,15,0,0,0,11,50,423,38,0,0,0,0,0,0,0,0
19473,Morales,309,4,0,0,0,31,51,0,0,48,826,503,127,0,0,0,0,0,0,0,0
19513,Padilla,123,0,0,0,2,5,74,0,0,61,1146,170,4,0,0,0,0,0,0,0,0
19517,Paez,909,9,0,0,2,12,63,0,0,51,933,264,28,0,0,0,0,0,0,0,0
19532,Patía,1127,18,0,0,5,84,225,0,0,184,3328,713,117,0,0,0,0,0,0,0,0
19533,Piamonte,1,1,0,0,0,1,16,0,0,13,265,188,640,0,0,0,0,0,0,0,0
19548,Piendamó,128,57,0,0,3,40,169,0,0,116,2441,410,82,0,0,0,0,0,0,0,0
19573,Puerto Tejada,22,11,0,0,0,8,0,0,0,30,120,661,12,0,0,0,0,0,0,0,0
19585,Puracé,300,26,0,0,1,0,28,0,0,21,426,125,277,0,0,0,0,0,0,0,0
19622,Rosas,49,5,0,0,1,4,30,0,0,25,447,81,18,0,0,0,0,0,0,0,0
19693,San Sebastián,629,0,0,0,0,1,5,0,0,6,86,287,18,0,0,0,0,0,0,0,0
19698,Santander de Quilichao,775,75,659,0,0,207,1040,0,0,107,7383,2138,306,164,301,2086,0,0,0,0,0
19701,Santa Rosa,241,2,0,0,0,9,10,0,0,16,194,345,628,0,0,0,0,0,0,0,0
19743,Silvia,777,5,0,0,1,4,84,0,0,74,1287,457,13,0,0,0,0,0,0,0,0
19760,Sotara,255,4,0,0,0,1,13,0,0,14,229,189,55,0,0,0,0,0,0,0,0
19780,Suárez,252,0,0,0,0,5,83,0,0,65,1290,69,91,0,0,0,0,0,0,0,0
19785,Sucre,427,2,0,0,0,3,4,0,0,9,101,179,10,0,0,0,0,0,0,0,0
19807,Timbío,220,70,0,0,2,37,193,0,0,146,2849,538,115,0,0,0,0,0,0,0,0
19809,Timbiquí,15,9,0,0,2,9,49,0,0,31,582,674,2671,0,0,0,0,0,0,0,0
19821,Toribio,171,6,0,0,0,5,48,0,0,39,706,75,30,0,0,0,0,0,0,0,0
19824,Totoró,94,3,0,0,1,0,25,0,0,33,431,54,25,0,0,0,0,0,0,0,0
19845,Villa Rica,19,3,0,0,1,4,207,0,0,138,2921,342,18,0,0,0,0,0,0,0,0
20001,Valledupar,1858,271,8591,0,0,1380,5072,0,0,920,39406,8807,2345,0,0,0,0,1614,2649,10847,584
20011,Aguachica,436,32,1064,0,0,658,759,0,0,318,14638,3667,302,0,0,0,0,267,85,3798,0
20013,Agustín Codazzi,891,18,743,0,0,196,368,0,0,198,7025,1029,372,0,0,0,0,185,85,1784,0
20032,Astrea,467,1,0,0,0,75,111,0,0,134,1972,297,228,0,0,0,0,0,0,0,0
20045,Becerril,593,7,0,0,3,36,178,0,0,139,2624,641,141,0,0,0,0,0,0,0,0
20060,Bosconia,73,66,0,0,0,501,0,0,0,53,212,1193,488,0,0,0,0,0,0,0,0
20175,Chimichagua,817,30,0,0,0,52,0,0,0,81,325,820,241,0,0,0,0,0,0,0,0
20178,Chiriguaná,1115,28,0,0,0,133,0,0,0,33,137,1412,80,0,0,0,0,0,0,0,0
20228,Curumaní,689,30,0,0,0,221,0,0,0,57,228,1037,404,0,0,0,0,0,0,0,0
20238,El Copey,203,427,0,0,0,112,0,0,0,33,135,828,146,0,0,0,0,0,0,0,0
20250,El Paso,1451,7,0,0,0,110,0,0,0,53,208,2216,153,0,0,0,0,0,0,0,0
20295,Gamarra,253,4,0,0,1,111,133,0,0,123,2081,424,248,0,0,0,0,0,0,0,0
20310,González,233,0,0,0,0,0,18,0,0,16,278,61,0,0,0,0,0,0,0,0,0
20383,La Gloria,200,9,0,0,0,34,95,0,0,87,1551,235,169,0,0,0,0,0,0,0,0
20400,La Jagua de Ibirico,354,27,0,0,0,387,0,0,0,22,90,1935,465,0,0,0,0,0,0,0,0
20443,Manaure,199,15,0,0,0,7,71,0,0,60,1141,152,62,0,0,0,0,0,0,0,0
20517,Pailitas,206,4,0,0,0,53,183,0,0,170,3008,750,250,0,0,0,0,0,0,0,0
20550,Pelaya,381,12,0,0,2,73,192,0,0,176,3111,784,172,0,0,0,0,0,0,0,0
20570,Pueblo Bello,260,12,0,0,0,53,99,0,0,108,1690,362,163,0,0,0,0,0,0,0,0
20614,Río de Oro,385,2,0,0,3,27,119,0,0,88,1726,315,16,0,0,0,0,0,0,0,0
20621,La Paz,239,10,0,0,0,93,0,0,0,22,89,562,377,0,0,0,0,0,0,0,0
20710,San Alberto,10,4,0,0,0,8,0,0,0,4,15,277,164,0,0,0,0,0,0,0,0
20750,San Diego,238,10,0,0,3,18,186,0,0,156,2970,359,72,0,0,0,0,0,0,0,0
20770,San Martín,76,6,0,0,1,65,198,0,0,180,3237,423,572,0,0,0,0,0,0,0,0
20787,Tamalameque,356,4,0,0,5,29,113,0,0,111,1755,476,172,0,0,0,0,0,0,0,0
23001,Montería,360,173,6850,0,0,588,4858,0,0,1326,39623,6640,6509,0,0,0,0,1284,2510,10529,507
23068,Ayapel,16,78,0,0,0,528,0,0,0,242,972,1026,345,0,0,0,0,0,0,0,0
23079,Buenavista,94,4,0,0,4,100,96,0,0,110,1488,261,440,0,0,0,0,0,0,0,0
23090,Canalete,4,35,0,0,1,14,35,0,0,44,584,138,687,0,0,0,0,0,0,0,0
23162,Cereté,297,25,431,0,0,574,528,0,0,480,11036,1210,965,0,0,0,0,106,127,2605,0
23168,Chimá,181,38,0,0,0,38,48,0,0,92,962,127,44,0,0,0,0,0,0,0,0
23182,Chinú,466,29,0,0,0,171,0,0,0,48,192,514,214,0,0,0,0,0,0,0,0
23189,Ciénaga de Oro,304,16,0,0,0,265,0,0,0,253,1011,902,599,0,0,0,0,0,0,0,0
23300,Cotorra,44,7,0,0,0,25,92,0,0,138,1785,123,43,0,0,0,0,0,0,0,0
23350,La Apartada,2,2,0,0,6,44,150,0,0,148,2392,356,371,0,0,0,0,0,0,0,0
23417,Lorica,1173,94,269,0,0,370,430,0,0,546,9811,1547,1623,0,0,0,0,65,49,2179,0
23419,Los Córdobas,12,6,0,0,0,11,34,0,0,51,616,191,954,0,0,0,0,0,0,0,0
23464,Momil,524,238,0,0,2,41,111,0,0,129,1854,136,75,0,0,0,0,0,0,0,0
23466,Montelíbano,71,59,818,0,0,135,444,0,0,280,8243,2438,1954,0,0,0,0,203,193,2059,0
23500,Moñitos,61,7,0,0,1,117,73,0,0,102,1291,397,968,0,0,0,0,0,0,0,0
23555,Planeta Rica,146,48,416,0,0,224,324,0,0,251,6574,911,880,0,0,0,0,102,143,1606,0
23570,Pueblo Nuevo,182,20,0,0,3,103,132,0,0,189,2357,304,732,0,0,0,0,0,0,0,0
23574,Puerto Escondido,24,57,0,0,3,26,37,0,0,49,577,213,776,0,0,0,0,0,0,0,0
23580,Puerto Libertador,10,17,0,0,0,75,0,0,0,66,266,719,1698,0,0,0,0,0,0,0,0
23586,Purísima,255,2,0,0,2,29,96,0,0,111,1609,179,47,0,0,0,0,0,0,0,0
23660,Sahagún,1611,18,356,0,0,309,437,0,0,371,8634,1258,583,0,0,0,0,90,178,2043,0
23670,San Andrés Sotavento,414,6,0,0,5,554,101,0,0,130,1634,164,756,0,0,0,0,0,0,0,0
23672,San Antero,752,5,0,0,0,83,0,0,0,74,296,643,408,0,0,0,0,0,0,0,0
23675,San Bernardo del Viento,221,20,0,0,5,140,143,0,0,163,2328,401,360,0,0,0,0,0,0,0,0
23678,San Carlos,169,5,0,0,1,41,74,0,0,132,1481,84,146,0,0,0,0,0,0,0,0
23682,San José de Uré(1),6,5,0,0,0,30,53,0,0,63,986,220,532,0,0,0,0,0,0,0,0
23686,San Pelayo,109,9,0,0,5,114,174,0,0,325,3457,315,397,0,0,0,0,0,0,0,0
23807,Tierralta,72,18,306,0,0,126,568,0,0,343,5785,1546,3636,78,48,1464,0,0,0,0,0
23815,Tuchín,85,4,0,0,1,82,23,0,0,44,454,22,93,0,0,0,0,0,0,0,0
23855,Valencia,4,13,0,0,11,30,163,0,0,203,2638,701,1920,0,0,0,0,0,0,0,0
25001,Agua de Dios,282,50,0,0,4,6,159,0,0,89,2119,856,6,0,0,0,0,0,0,0,0
25019,Albán,66,35,0,0,1,3,37,0,0,24,503,80,8,0,0,0,0,0,0,0,0
25035,Anapoima,7,13,0,0,12,9,113,0,0,42,1082,1374,9,0,0,0,0,0,0,0,0
25040,Anolaima,152,27,0,0,4,4,91,0,0,54,1185,82,10,0,0,0,0,0,0,0,0
25053,Arbeláez,27,10,0,0,2,4,60,0,0,31,742,179,6,0,0,0,0,0,0,0,0
25086,Beltrán,65,10,0,0,0,2,21,0,0,18,348,158,2,0,0,0,0,0,0,0,0
25095,Bituima,17,6,0,0,0,0,9,0,0,7,137,52,2,0,0,0,0,0,0,0,0
25099,Bojacá,11,32,0,0,3,2,114,0,0,53,1423,95,3,0,0,0,0,0,0,0,0
25120,Cabrera,22,0,0,0,3,0,20,0,0,9,217,17,42,0,0,0,0,0,0,0,0
25123,Cachipay,11,27,0,0,1,5,60,0,0,30,785,138,8,0,0,0,0,0,0,0,0
25126,Cajicá,15,161,2251,0,0,8,646,0,0,18,4253,719,40,0,0,0,0,425,158,1176,178
25148,Caparrapí,31,13,0,0,0,18,62,0,0,60,1064,289,103,0,0,0,0,0,0,0,0
25151,Caqueza,20,11,0,0,5,2,107,0,0,44,1234,109,3,0,0,0,0,0,0,0,0
25154,Carmen de Carupa,44,1,0,0,0,1,32,0,0,20,460,111,5,0,0,0,0,0,0,0,0
25168,Chaguaní,39,2,0,0,1,1,19,0,0,9,193,54,1,0,0,0,0,0,0,0,0
25175,Chía,58,681,1638,0,0,14,749,0,0,37,10156,688,113,0,0,0,0,407,136,2691,0
25178,Chipaque,95,8,0,0,0,0,34,0,0,19,419,90,1,0,0,0,0,0,0,0,0
25181,Choachí,50,9,0,0,4,0,78,0,0,30,837,158,2,0,0,0,0,0,0,0,0
25183,Chocontá,35,10,0,0,2,0,87,0,0,36,1052,95,0,0,0,0,0,0,0,0,0
25200,Cogua,5,91,0,0,1,0,162,0,0,71,2030,22,9,0,0,0,0,0,0,0,0
25214,Cota,49,164,0,0,0,4,0,0,0,5,22,321,28,0,0,0,0,0,0,0,0
25224,Cucunubá,53,5,0,0,0,0,17,0,0,9,225,65,3,0,0,0,0,0,0,0,0
25245,El Colegio,7,24,0,0,11,3,215,0,0,90,2491,613,13,0,0,0,0,0,0,0,0
25258,El Peñón,17,5,0,0,0,1,12,0,0,9,189,106,5,0,0,0,0,0,0,0,0
25260,El Rosal,3,33,0,0,1,0,221,0,0,100,2831,161,3,0,0,0,0,0,0,0,0
25269,Facatativá,87,344,2989,0,0,16,891,0,0,48,12044,782,94,0,0,0,0,747,390,3193,0
25279,Fomeque,12,8,0,0,0,0,77,0,0,34,962,130,3,0,0,0,0,0,0,0,0
25281,Fosca,46,2,0,0,0,0,21,0,0,11,282,61,0,0,0,0,0,0,0,0,0
25286,Funza,14,203,2449,0,0,5,683,0,0,24,8884,862,18,0,0,0,0,611,276,2361,0
25288,Fúquene,15,6,0,0,0,0,15,0,0,6,174,36,3,0,0,0,0,0,0,0,0
25290,Fusagasugá,20,71,3311,0,0,31,1998,0,0,48,13589,3868,49,828,263,3882,0,0,0,0,0
25293,Gachala,108,39,0,0,0,3,26,0,0,18,349,113,10,0,0,0,0,0,0,0,0
25295,Gachancipá,9,42,0,0,2,0,108,0,0,46,1312,52,7,0,0,0,0,0,0,0,0
25297,Gachetá,39,8,0,0,0,1,60,0,0,26,724,135,6,0,0,0,0,0,0,0,0
25299,Gama,39,3,0,0,0,0,13,0,0,6,165,60,1,0,0,0,0,0,0,0,0
25307,Girardot,255,76,1628,0,0,171,1776,0,0,118,12673,3842,195,407,190,3602,0,0,0,0,0
25312,Granada,4,88,0,0,0,2,34,0,0,20,472,51,4,0,0,0,0,0,0,0,0
25317,Guachetá,64,58,0,0,0,0,55,0,0,29,741,55,3,0,0,0,0,0,0,0,0
25320,Guaduas,68,34,0,0,7,27,309,0,0,167,3995,827,54,0,0,0,0,0,0,0,0
25322,Guasca,33,20,0,0,1,0,96,0,0,45,1212,56,9,0,0,0,0,0,0,0,0
25324,Guataquí,206,11,0,0,0,6,14,0,0,9,190,120,2,0,0,0,0,0,0,0,0
25326,Guatavita,1,3,0,0,0,0,40,0,0,17,507,112,0,0,0,0,0,0,0,0,0
25328,Guayabal de Siquima,8,16,0,0,0,1,17,0,0,10,249,76,4,0,0,0,0,0,0,0,0
25335,Guayabetal,0,31,0,0,1,0,44,0,0,25,577,92,10,0,0,0,0,0,0,0,0
25339,Gutiérrez,47,0,0,0,0,1,18,0,0,16,247,96,5,0,0,0,0,0,0,0,0
25368,Jerusalén,26,21,0,0,0,1,11,0,0,7,149,81,1,0,0,0,0,0,0,0,0
25372,Junín,90,14,0,0,0,1,16,0,0,13,229,195,3,0,0,0,0,0,0,0,0
25377,La Calera,6,71,0,0,13,7,246,0,0,98,2678,335,11,0,0,0,0,0,0,0,0
25386,La Mesa,61,31,0,0,7,14,273,0,0,116,3296,1081,22,0,0,0,0,0,0,0,0
25394,La Palma,112,13,0,0,1,4,64,0,0,47,925,214,28,0,0,0,0,0,0,0,0
25398,La Peña,56,11,0,0,0,2,14,0,0,14,236,48,7,0,0,0,0,0,0,0,0
25402,La Vega,3,19,0,0,3,6,73,0,0,29,848,299,12,0,0,0,0,0,0,0,0
25407,Lenguazaque,42,23,0,0,0,0,39,0,0,22,524,59,5,0,0,0,0,0,0,0,0
25426,Macheta,34,5,0,0,0,0,17,0,0,10,237,60,0,0,0,0,0,0,0,0,0
25430,Madrid,31,242,2260,0,0,5,686,0,0,29,9786,890,31,0,0,0,0,563,159,2599,0
25436,Manta,28,0,0,0,0,0,12,0,0,6,150,88,1,0,0,0,0,0,0,0,0
25438,Medina,19,2,0,0,0,6,72,0,0,51,1058,300,80,0,0,0,0,0,0,0,0
25473,Mosquera,15,82,2646,0,0,4,1401,0,0,37,9727,727,8,0,0,0,0,496,414,2753,187
25483,Nariño,89,4,0,0,0,1,22,0,0,14,328,389,2,0,0,0,0,0,0,0,0
25486,Nemocón,13,5,0,0,0,0,120,0,0,55,1515,125,4,0,0,0,0,0,0,0,0
25488,Nilo,23,12,0,0,14,8,116,0,0,43,1115,118,8,0,0,0,0,0,0,0,0
25489,Nimaima,43,9,0,0,0,2,20,0,0,9,231,54,4,0,0,0,0,0,0,0,0
25491,Nocaima,57,42,0,0,0,3,31,0,0,13,385,179,1,0,0,0,0,0,0,0,0
25506,Venecia,9,14,0,0,4,0,28,0,0,10,268,49,30,0,0,0,0,0,0,0,0
25513,Pacho,47,32,0,0,5,6,205,0,0,111,2663,545,54,0,0,0,0,0,0,0,0
25518,Paime,36,8,0,0,0,1,11,0,0,10,180,59,44,0,0,0,0,0,0,0,0
25524,Pandi,40,14,0,0,1,2,25,0,0,12,283,157,12,0,0,0,0,0,0,0,0
25530,Paratebueno,4,7,0,0,2,15,83,0,0,48,1085,138,62,0,0,0,0,0,0,0,0
25535,Pasca,7,7,0,0,0,2,42,0,0,28,582,48,11,0,0,0,0,0,0,0,0
25572,Puerto Salgar,4,26,0,0,17,13,251,0,0,144,3152,516,202,0,0,0,0,0,0,0,0
25580,Pulí,43,8,0,0,0,0,12,0,0,11,217,75,2,0,0,0,0,0,0,0,0
25592,Quebradanegra,4,13,0,0,1,1,23,0,0,9,277,83,5,0,0,0,0,0,0,0,0
25594,Quetame,14,14,0,0,1,1,33,0,0,20,435,84,2,0,0,0,0,0,0,0,0
25596,Quipile,76,12,0,0,0,1,21,0,0,15,314,108,4,0,0,0,0,0,0,0,0
25599,Apulo,48,28,0,0,3,9,59,0,0,38,789,355,9,0,0,0,0,0,0,0,0
25612,Ricaurte,36,34,0,0,9,40,107,0,0,49,1188,2111,55,0,0,0,0,0,0,0,0
25645,San Antonio del Tequendama,6,11,0,0,0,2,42,0,0,20,543,146,3,0,0,0,0,0,0,0,0
25649,San Bernardo,96,81,0,0,0,1,44,0,0,25,577,98,42,0,0,0,0,0,0,0,0
25653,San Cayetano,0,3,0,0,0,1,17,0,0,14,289,61,22,0,0,0,0,0,0,0,0
25658,San Francisco,2,3,0,0,1,1,59,0,0,24,693,120,0,0,0,0,0,0,0,0,0
25662,San Juan de Río Seco,176,59,0,0,1,4,72,0,0,47,969,282,22,0,0,0,0,0,0,0,0
25718,Sasaima,9,21,0,0,0,2,41,0,0,19,507,85,5,0,0,0,0,0,0,0,0
25736,Sesquilé,34,64,0,0,0,0,76,0,0,39,1024,152,14,0,0,0,0,0,0,0,0
25740,Sibaté,7,147,0,0,0,11,0,0,0,11,47,312,7,0,0,0,0,0,0,0,0
25743,Silvania,14,44,0,0,2,2,128,0,0,60,1602,731,17,0,0,0,0,0,0,0,0
25745,Simijaca,44,20,0,0,0,0,114,0,0,56,1492,197,10,0,0,0,0,0,0,0,0
25754,Soacha,84,1239,13271,0,0,784,5871,0,0,557,42985,7696,872,0,0,0,0,2489,1896,12038,912
25758,Sopó,24,39,0,0,3,2,233,0,0,107,2848,193,8,0,0,0,0,0,0,0,0
25769,Subachoque,22,32,0,0,1,0,135,0,0,59,1691,125,3,0,0,0,0,0,0,0,0
25772,Suesca,28,24,0,0,1,1,127,0,0,59,1626,201,6,0,0,0,0,0,0,0,0
25777,Supatá,31,12,0,0,0,0,29,0,0,19,410,93,11,0,0,0,0,0,0,0,0
25779,Susa,60,15,0,0,0,1,26,0,0,14,358,66,1,0,0,0,0,0,0,0,0
25781,Sutatausa,6,13,0,0,0,0,34,0,0,17,422,64,8,0,0,0,0,0,0,0,0
25785,Tabio,15,65,0,0,3,0,147,0,0,63,1757,75,8,0,0,0,0,0,0,0,0
25793,Tausa,7,11,0,0,0,0,25,0,0,12,330,96,2,0,0,0,0,0,0,0,0
25797,Tena,7,35,0,0,0,1,30,0,0,17,430,174,2,0,0,0,0,0,0,0,0
25799,Tenjo,18,48,0,0,7,0,112,0,0,45,1214,47,12,0,0,0,0,0,0,0,0
25805,Tibacuy,31,9,0,0,0,0,15,0,0,9,219,70,12,0,0,0,0,0,0,0,0
25807,Tibirita,10,1,0,0,0,0,9,0,0,4,101,59,0,0,0,0,0,0,0,0,0
25815,Tocaima,292,61,0,0,45,27,227,0,0,82,1815,1288,21,0,0,0,0,0,0,0,0
25817,Tocancipá,21,194,0,0,0,0,0,0,0,5,23,278,8,0,0,0,0,0,0,0,0
25823,Topaipí,24,11,0,0,3,8,19,0,0,10,193,68,35,0,0,0,0,0,0,0,0
25839,Ubalá,97,21,0,0,0,0,20,0,0,15,275,103,12,0,0,0,0,0,0,0,0
25841,Ubaque,40,6,0,0,0,0,17,0,0,8,215,46,1,0,0,0,0,0,0,0,0
25843,Villa de San Diego de Ubate,87,91,0,0,0,0,0,0,0,12,47,613,67,0,0,0,0,0,0,0,0
25845,Une,110,12,0,0,0,4,41,0,0,34,624,91,3,0,0,0,0,0,0,0,0
25851,Útica,57,7,0,0,0,5,32,0,0,19,446,195,10,0,0,0,0,0,0,0,0
25862,Vergara,44,25,0,0,0,7,21,0,0,15,283,103,22,0,0,0,0,0,0,0,0
25867,Vianí,13,7,0,0,0,0,21,0,0,11,277,69,1,0,0,0,0,0,0,0,0
25871,Villagómez,25,25,0,0,0,0,8,0,0,5,121,32,8,0,0,0,0,0,0,0,0
25873,Villapinzón,30,8,0,0,0,0,56,0,0,30,744,58,1,0,0,0,0,0,0,0,0
25875,Villeta,16,139,0,0,9,44,290,0,0,127,3484,1221,57,0,0,0,0,0,0,0,0
25878,Viotá,54,46,0,0,2,30,74,0,0,44,1002,443,54,0,0,0,0,0,0,0,0
25885,Yacopí,18,13,0,0,0,16,52,0,0,41,813,240,253,0,0,0,0,0,0,0,0
25898,Zipacón,29,21,0,0,1,0,28,0,0,14,370,88,5,0,0,0,0,0,0,0,0
25899,Zipaquirá,130,146,3611,0,0,3,770,0,0,44,10985,934,58,0,0,0,0,903,135,2910,0
27001,Quibdó,39,74,985,0,0,33,1534,0,0,268,11279,4033,5255,246,465,3150,0,0,0,0,0
27006,Acandí,6,14,0,0,4,29,94,0,0,72,1348,860,1107,0,0,0,0,0,0,0,0
27025,Alto Baudo,19,4,0,0,0,218,7,0,0,6,69,406,1917,0,0,0,0,0,0,0,0
27050,Atrato,2,6,0,0,2,1,46,0,0,35,690,274,341,0,0,0,0,0,0,0,0
27073,Bagadó,5,3,0,0,1,9,43,0,0,36,651,196,825,0,0,0,0,0,0,0,0
27075,Bahía Solano,3,11,0,0,9,0,62,0,0,26,534,176,673,0,0,0,0,0,0,0,0
27077,Bajo Baudó,3,9,0,0,3,13,41,0,0,24,505,100,1102,0,0,0,0,0,0,0,0
27099,Bojaya,10,2,0,0,1,3,14,0,0,9,181,240,1633,0,0,0,0,0,0,0,0
27135,El Cantón del San Pablo,1,2,0,0,0,5,48,0,0,41,782,280,284,0,0,0,0,0,0,0,0
27150,Carmen del Darien,12,2,0,0,0,7,5,0,0,3,59,87,1372,0,0,0,0,0,0,0,0
27160,Cértegui,5,3,0,0,9,5,53,0,0,27,530,276,232,0,0,0,0,0,0,0,0
27205,Condoto,113,7,0,0,2,11,132,0,0,98,1978,556,373,0,0,0,0,0,0,0,0
27245,El Carmen de Atrato,169,16,0,0,1,0,34,0,0,17,410,63,100,0,0,0,0,0,0,0,0
27250,El Litoral del San Juan,5,25,0,0,0,3,9,0,0,3,74,79,797,0,0,0,0,0,0,0,0
27361,Istmina,12,42,0,0,0,5,0,0,0,12,49,1373,1533,0,0,0,0,0,0,0,0
27372,Juradó,4,5,0,0,0,7,19,0,0,11,217,74,696,0,0,0,0,0,0,0,0
27413,Lloró,6,0,0,0,3,1,43,0,0,32,572,244,546,0,0,0,0,0,0,0,0
27425,Medio Atrato,5,2,0,0,0,5,11,0,0,7,143,52,789,0,0,0,0,0,0,0,0
27430,Medio Baudó,6,5,0,0,0,7,18,0,0,14,271,133,1508,0,0,0,0,0,0,0,0
27450,Medio San Juan,5,2,0,0,2,1,36,0,0,36,548,138,721,0,0,0,0,0,0,0,0
27491,Nóvita,3,6,0,0,3,11,52,0,0,31,669,227,586,0,0,0,0,0,0,0,0
27495,Nuquí,3,2,0,0,2,9,15,0,0,10,168,12,248,0,0,0,0,0,0,0,0
27580,Río Iro,1,3,0,0,5,7,38,0,0,24,411,161,393,0,0,0,0,0,0,0,0
27600,Río Quito,4,5,0,0,1,0,46,0,0,36,700,282,633,0,0,0,0,0,0,0,0
27615,Riosucio,20,36,0,0,0,121,0,0,0,30,121,1020,6843,0,0,0,0,0,0,0,0
27660,San José del Palmar,26,11,0,0,4,18,33,0,0,21,379,253,370,0,0,0,0,0,0,0,0
27745,Sipí,2,1,0,0,2,2,21,0,0,13,235,84,365,0,0,0,0,0,0,0,0
27787,Tadó,39,7,0,0,5,8,181,0,0,123,2545,535,545,0,0,0,0,0,0,0,0
27800,Unguía,6,23,0,0,0,18,64,0,0,58,1016,461,1198,0,0,0,0,0,0,0,0
27810,Unión Panamericana,2,3,0,0,1,3,65,0,0,50,982,291,296,0,0,0,0,0,0,0,0
41001,Neiva,733,268,6921,0,0,861,8407,0,0,848,38710,13332,2009,1296,1655,11613,627,0,0,0,0
41006,Acevedo,471,8,0,0,0,14,52,0,0,43,840,268,77,0,0,0,0,0,0,0,0
41013,Agrado,574,3,0,0,6,30,58,0,0,33,671,316,72,0,0,0,0,0,0,0,0
41016,Aipe,334,9,0,0,2,72,160,0,0,113,2386,809,64,0,0,0,0,0,0,0,0
41020,Algeciras,621,3,0,0,2,46,180,0,0,181,3036,1111,195,0,0,0,0,0,0,0,0
41026,Altamira,191,1,0,0,0,3,43,0,0,32,653,166,5,0,0,0,0,0,0,0,0
41078,Baraya,622,2,0,0,2,11,29,0,0,18,365,157,12,0,0,0,0,0,0,0,0
41132,Campoalegre,467,60,0,0,0,28,0,0,0,25,102,977,19,0,0,0,0,0,0,0,0
41206,Colombia,1236,5,0,0,1,7,27,0,0,23,425,624,89,0,0,0,0,0,0,0,0
41244,Elías,223,0,0,0,0,2,19,0,0,13,289,75,6,0,0,0,0,0,0,0,0
41298,Garzón,1195,24,802,0,0,142,695,0,0,106,5440,1516,206,200,46,1538,0,0,0,0,0
41306,Gigante,502,11,0,0,6,13,196,0,0,132,2696,743,22,0,0,0,0,0,0,0,0
41319,Guadalupe,263,4,0,0,1,33,85,0,0,74,1355,260,90,0,0,0,0,0,0,0,0
41349,Hobo,218,41,0,0,0,24,62,0,0,51,1007,383,14,0,0,0,0,0,0,0,0
41357,Iquira,390,125,0,0,1,21,37,0,0,34,607,590,79,0,0,0,0,0,0,0,0
41359,Isnos,110,4,0,0,1,11,85,0,0,76,1357,137,203,0,0,0,0,0,0,0,0
41378,La Argentina,128,28,0,0,2,4,74,0,0,61,1111,167,88,0,0,0,0,0,0,0,0
41396,La Plata,916,25,0,0,0,59,0,0,0,25,103,1056,176,0,0,0,0,0,0,0,0
41483,Nátaga,338,2,0,0,1,4,21,0,0,14,285,160,10,0,0,0,0,0,0,0,0
41503,Oporapa,367,1,0,0,1,6,35,0,0,25,512,102,18,0,0,0,0,0,0,0,0
41518,Paicol,259,0,0,0,0,3,37,0,0,24,528,153,8,0,0,0,0,0,0,0,0
41524,Palermo,610,3,0,0,5,41,252,0,0,162,3548,899,64,0,0,0,0,0,0,0,0
41530,Palestina,124,1,0,0,0,2,19,0,0,18,345,56,35,0,0,0,0,0,0,0,0
41548,Pital,326,0,0,0,1,2,58,0,0,38,824,237,5,0,0,0,0,0,0,0,0
41551,Pitalito,621,51,1522,0,0,62,1442,0,0,180,10862,2772,198,380,92,3081,0,0,0,0,0
41615,Rivera,373,12,0,0,5,27,225,0,0,159,3260,574,17,0,0,0,0,0,0,0,0
41660,Saladoblanco,114,2,0,0,2,3,24,0,0,15,316,62,36,0,0,0,0,0,0,0,0
41668,San Agustín,484,7,0,0,4,10,171,0,0,125,2512,492,158,0,0,0,0,0,0,0,0
41676,Santa María,161,6,0,0,1,3,38,0,0,26,525,177,13,0,0,0,0,0,0,0,0
41770,Suaza,716,1,0,0,2,21,89,0,0,68,1323,268,104,0,0,0,0,0,0,0,0
41791,Tarqui,623,6,0,0,2,31,85,0,0,65,1259,301,75,0,0,0,0,0,0,0,0
41797,Tesalia,349,1,0,0,1,3,95,0,0,70,1459,346,6,0,0,0,0,0,0,0,0
41799,Tello,486,4,0,0,0,18,77,0,0,69,1267,445,30,0,0,0,0,0,0,0,0
41801,Teruel,121,2,0,0,1,1,61,0,0,43,919,197,2,0,0,0,0,0,0,0,0
41807,Timaná,524,6,0,0,0,19,99,0,0,67,1452,212,40,0,0,0,0,0,0,0,0
41872,Villavieja,703,19,0,0,1,7,56,0,0,59,981,336,24,0,0,0,0,0,0,0,0
41885,Yaguará,235,3,0,0,2,14,102,0,0,64,1423,364,30,0,0,0,0,0,0,0,0
44001,Riohacha,959,143,2239,0,0,1453,983,0,0,322,16411,2364,1098,0,0,0,0,559,254,4257,0
44035,Albania,371,45,0,0,4,184,181,0,0,130,2655,133,117,0,0,0,0,0,0,0,0
44078,Barrancas,141,21,0,0,8,104,154,0,0,119,2122,486,26,0,0,0,0,0,0,0,0
44090,Dibulla,61,84,0,0,0,348,0,0,0,40,162,589,247,0,0,0,0,0,0,0,0
44098,Distracción,667,15,0,0,4,45,109,0,0,81,1526,283,8,0,0,0,0,0,0,0,0
44110,El Molino,102,2,0,0,0,0,66,0,0,59,1074,153,10,0,0,0,0,0,0,0,0
44279,Fonseca,604,46,0,0,0,251,0,0,0,27,108,948,99,0,0,0,0,0,0,0,0
44378,Hatonuevo,813,33,0,0,30,23,208,0,0,129,2235,571,19,0,0,0,0,0,0,0,0
44420,La Jagua del Pilar,72,0,0,0,0,5,22,0,0,21,364,45,6,0,0,0,0,0,0,0,0
44430,Maicao,227,358,1205,0,0,1358,471,0,0,200,8383,1739,297,0,0,0,0,300,208,2179,0
44560,Manaure,257,99,0,0,4,629,92,0,0,98,1410,496,230,0,0,0,0,0,0,0,0
44650,San Juan del Cesar,701,22,558,0,0,110,289,0,0,143,5672,1450,167,0,0,0,0,139,30,1467,0
44847,Uribia,486,88,0,0,6,753,112,0,0,141,1758,1002,835,0,0,0,0,0,0,0,0
44855,Urumita,179,0,0,0,8,2,111,0,0,79,1532,88,21,0,0,0,0,0,0,0,0
44874,Villanueva,295,1,0,0,0,32,0,0,0,10,41,213,36,0,0,0,0,0,0,0,0
47001,Santa Marta,138,191,10221,0,0,756,6834,0,0,914,51894,14481,1648,0,0,0,0,1916,2266,14540,729
47030,Algarrobo,222,3,0,0,0,37,135,0,0,141,2358,389,46,0,0,0,0,0,0,0,0
47053,Aracataca,75,12,0,0,0,72,0,0,0,39,155,377,222,0,0,0,0,0,0,0,0
47058,Ariguaní,266,48,0,0,0,78,0,0,0,87,347,545,439,0,0,0,0,0,0,0,0
47161,Cerro San Antonio,47,4,0,0,6,77,83,0,0,103,1266,169,43,0,0,0,0,0,0,0,0
47170,Chivolo,133,9,0,0,19,47,164,0,0,169,2202,432,266,0,0,0,0,0,0,0,0
47189,Ciénaga,62,371,727,0,0,755,698,0,0,479,14284,2016,813,0,0,0,0,180,107,3538,0
47205,Concordia,176,3,0,0,0,72,103,0,0,125,1781,364,32,0,0,0,0,0,0,0,0
47245,El Banco,936,21,371,0,0,440,246,0,0,381,6253,1334,657,0,0,0,0,93,16,1363,0
47258,El Piñon,492,23,0,0,0,95,137,0,0,206,2601,565,112,0,0,0,0,0,0,0,0
47268,El Retén,30,20,0,0,0,70,135,0,0,149,2394,281,90,0,0,0,0,0,0,0,0
47288,Fundación,103,233,773,0,0,104,449,0,0,199,8205,2007,233,0,0,0,0,192,82,2124,0
47318,Guamal,976,4,0,0,9,76,138,0,0,140,2108,390,199,0,0,0,0,0,0,0,0
47460,Nueva Granada,449,49,0,0,6,70,92,0,0,147,1597,317,241,0,0,0,0,0,0,0,0
47541,Pedraza,178,0,0,0,0,45,58,0,0,97,1118,206,36,0,0,0,0,0,0,0,0
47545,Pijiño del Carmen,264,6,0,0,1,73,49,0,0,78,929,251,253,0,0,0,0,0,0,0,0
47551,Pivijay,830,4,0,0,0,32,0,0,0,65,262,1116,136,0,0,0,0,0,0,0,0
47555,Plato,1671,20,329,0,0,199,254,0,0,195,5103,830,620,0,0,0,0,80,66,1234,0
47570,Puebloviejo,38,6,0,0,0,90,0,0,0,76,301,161,288,0,0,0,0,0,0,0,0
47605,Remolino,127,8,0,0,0,41,74,0,0,96,1387,273,17,0,0,0,0,0,0,0,0
47660,Sabanas de San Angel,405,1,0,0,1,19,57,0,0,79,1045,277,341,0,0,0,0,0,0,0,0
47675,Salamina,49,0,0,0,0,27,102,0,0,134,1849,277,30,0,0,0,0,0,0,0,0
47692,San Sebastián de Buenavista,499,98,0,0,0,31,83,0,0,160,1719,432,211,0,0,0,0,0,0,0,0
47703,San Zenón,309,0,0,0,0,5,66,0,0,110,1325,234,66,0,0,0,0,0,0,0,0
47707,Santa Ana,227,43,0,0,1,38,150,0,0,205,2705,329,156,0,0,0,0,0,0,0,0
47720,Santa Bárbara de Pinto,391,52,0,0,0,6,41,0,0,53,773,320,114,0,0,0,0,0,0,0,0
47745,Sitionuevo,3,2,0,0,0,89,0,0,0,128,510,218,1014,0,0,0,0,0,0,0,0
47798,Tenerife,285,17,0,0,0,101,89,0,0,125,1651,261,137,0,0,0,0,0,0,0,0
47960,Zapayán,194,0,0,0,1,43,43,0,0,66,799,152,428,0,0,0,0,0,0,0,0
47980,Zona Bananera,305,21,527,0,0,756,332,0,0,285,7449,1007,793,0,0,0,0,132,91,1847,0
50001,Villavicencio,93,444,10094,0,0,689,12438,0,0,781,56061,20332,1057,1892,2719,17042,765,0,0,0,0
50006,Acacías,10,37,1140,0,0,77,1382,0,0,92,9968,3157,91,286,136,2828,0,0,0,0,0
50110,Barranca de Upía,6,8,0,0,1,45,63,0,0,49,936,167,21,0,0,0,0,0,0,0,0
50124,Cabuyaro,6,11,0,0,0,53,56,0,0,45,863,277,20,0,0,0,0,0,0,0,0
50150,Castilla la Nueva,1,24,0,0,1,63,127,0,0,67,1700,194,107,0,0,0,0,0,0,0,0
50223,Cubarral,1,4,0,0,3,3,90,0,0,43,1117,293,36,0,0,0,0,0,0,0,0
50226,Cumaral,6,18,0,0,5,73,291,0,0,149,3733,662,36,0,0,0,0,0,0,0,0
50245,El Calvario,59,6,0,0,0,0,11,0,0,7,148,78,8,0,0,0,0,0,0,0,0
50251,El Castillo,1,3,0,0,0,56,66,0,0,58,1050,329,86,0,0,0,0,0,0,0,0
50270,El Dorado,2,2,0,0,1,0,33,0,0,18,430,92,24,0,0,0,0,0,0,0,0
50287,Fuente de Oro,8,8,0,0,5,81,139,0,0,100,1963,417,98,0,0,0,0,0,0,0,0
50313,Granada,12,163,1125,0,0,309,1207,0,0,153,9160,3938,182,278,87,2577,0,0,0,0,0
50318,Guamal,0,9,0,0,4,16,153,0,0,84,2059,249,12,0,0,0,0,0,0,0,0
50325,Mapiripán,4,5,0,0,1,55,23,0,0,12,279,168,775,0,0,0,0,0,0,0,0
50330,Mesetas,2,13,0,0,0,4,62,0,0,54,1006,253,218,0,0,0,0,0,0,0,0
50350,La Macarena,7,15,0,0,1,35,57,0,0,46,851,906,1954,0,0,0,0,0,0,0,0
50370,Uribe,5,3,0,0,1,16,28,0,0,19,356,289,1088,0,0,0,0,0,0,0,0
50400,Lejanías,1,2,0,0,2,3,70,0,0,53,1051,95,55,0,0,0,0,0,0,0,0
50450,Puerto Concordia,0,5,0,0,11,15,49,0,0,21,405,141,591,0,0,0,0,0,0,0,0
50568,Puerto Gaitán,13,113,0,0,0,234,0,0,0,10,42,879,848,0,0,0,0,0,0,0,0
50573,Puerto López,12,62,0,0,0,263,0,0,0,38,151,1288,133,0,0,0,0,0,0,0,0
50577,Puerto Lleras,5,3,0,0,4,54,65,0,0,54,945,436,319,0,0,0,0,0,0,0,0
50590,Puerto Rico,2,23,0,0,0,55,79,0,0,69,1248,515,831,0,0,0,0,0,0,0,0
50606,Restrepo,65,36,0,0,38,9,253,0,0,85,2222,465,5,0,0,0,0,0,0,0,0
50680,San Carlos de Guaroa,5,8,0,0,1,122,146,0,0,111,2216,459,50,0,0,0,0,0,0,0,0
50683,San Juan de Arama,7,9,0,0,1,28,72,0,0,61,1143,344,183,0,0,0,0,0,0,0,0
50686,San Juanito,59,1,0,0,2,0,12,0,0,5,108,27,2,0,0,0,0,0,0,0,0
50689,San Martín,14,14,0,0,9,291,320,0,0,204,4446,1074,131,0,0,0,0,0,0,0,0
50711,Vistahermosa,10,88,0,0,3,130,144,0,0,118,2115,1309,1778,0,0,0,0,0,0,0,0
52001,Pasto,1909,244,11520,0,0,60,6171,0,0,513,28002,6085,557,2158,1312,8354,849,0,0,0,0
52019,Albán,278,1,0,0,0,2,18,0,0,17,300,24,2,0,0,0,0,0,0,0,0
52022,Aldana,61,0,0,0,0,0,27,0,0,15,339,22,0,0,0,0,0,0,0,0,0
52036,Ancuyá,47,0,0,0,0,0,33,0,0,19,463,68,0,0,0,0,0,0,0,0,0
52051,Arboleda,131,1,0,0,1,1,16,0,0,10,208,75,2,0,0,0,0,0,0,0,0
52079,Barbacoas,7,13,0,0,31,19,165,0,0,66,1275,185,2232,0,0,0,0,0,0,0,0
52083,Belén,103,1,0,0,0,0,38,0,0,32,578,28,3,0,0,0,0,0,0,0,0
52110,Buesaco,515,34,0,0,0,0,55,0,0,32,730,230,1,0,0,0,0,0,0,0,0
52203,Colón,132,0,0,0,0,2,21,0,0,10,267,36,4,0,0,0,0,0,0,0,0
52207,Consaca,204,5,0,0,1,0,30,0,0,20,403,57,4,0,0,0,0,0,0,0,0
52210,Contadero,252,0,0,0,0,0,10,0,0,9,149,49,2,0,0,0,0,0,0,0,0
52215,Córdoba,468,4,0,0,0,2,31,0,0,35,524,80,8,0,0,0,0,0,0,0,0
52224,Cuaspud,200,3,0,0,0,0,17,0,0,21,285,36,1,0,0,0,0,0,0,0,0
52227,Cumbal,74,3,0,0,2,4,132,0,0,118,2104,276,208,0,0,0,0,0,0,0,0
52233,Cumbitara,87,5,0,0,1,2,46,0,0,31,644,231,121,0,0,0,0,0,0,0,0
52240,Chachagüí,50,5,0,0,8,4,104,0,0,51,1182,1194,25,0,0,0,0,0,0,0,0
52250,El Charco,11,45,0,0,8,30,43,0,0,12,314,194,2154,0,0,0,0,0,0,0,0
52254,El Peñol,67,1,0,0,1,0,19,0,0,18,284,34,8,0,0,0,0,0,0,0,0
52256,El Rosario,753,1,0,0,0,1,16,0,0,17,274,107,34,0,0,0,0,0,0,0,0
52258,El Tablón de Gómez,497,3,0,0,0,0,20,0,0,15,309,44,6,0,0,0,0,0,0,0,0
52260,El Tambo,223,3,0,0,1,0,57,0,0,46,846,103,9,0,0,0,0,0,0,0,0
52287,Funes,465,1,0,0,0,0,19,0,0,19,302,107,4,0,0,0,0,0,0,0,0
52317,Guachucal,287,0,0,0,0,0,60,0,0,53,987,76,6,0,0,0,0,0,0,0,0
52320,Guaitarilla,349,75,0,0,0,2,46,0,0,41,697,142,3,0,0,0,0,0,0,0,0
52323,Gualmatán,366,1,0,0,1,0,30,0,0,24,462,74,0,0,0,0,0,0,0,0,0
52352,Iles,137,0,0,0,0,0,20,0,0,20,312,140,8,0,0,0,0,0,0,0,0
52354,Imués,41,4,0,0,1,1,25,0,0,19,376,210,1,0,0,0,0,0,0,0,0
52356,Ipiales,517,56,1737,0,0,12,1070,0,0,126,7771,1897,227,431,140,2154,0,0,0,0,0
52378,La Cruz,99,1,0,0,1,0,90,0,0,84,1470,103,0,0,0,0,0,0,0,0,0
52381,La Florida,125,2,0,0,0,0,19,0,0,39,385,95,37,0,0,0,0,0,0,0,0
52385,La Llanada,56,0,0,0,0,2,41,0,0,33,611,82,92,0,0,0,0,0,0,0,0
52390,La Tola,1,16,0,0,0,3,29,0,0,19,388,209,598,0,0,0,0,0,0,0,0
52399,La Unión,767,11,0,0,1,20,149,0,0,96,2065,288,38,0,0,0,0,0,0,0,0
52405,Leiva,602,1,0,0,1,2,35,0,0,27,523,154,32,0,0,0,0,0,0,0,0
52411,Linares,59,0,0,0,1,0,37,0,0,26,544,54,5,0,0,0,0,0,0,0,0
52418,Los Andes,120,2,0,0,0,3,58,0,0,46,881,180,80,0,0,0,0,0,0,0,0
52427,Magüi,1,3,0,0,0,3,20,0,0,15,294,178,1037,0,0,0,0,0,0,0,0
52435,Mallama,16,3,0,0,1,3,78,0,0,61,1162,265,157,0,0,0,0,0,0,0,0
52473,Mosquera,21,40,0,0,0,1,9,0,0,8,82,195,1627,0,0,0,0,0,0,0,0
52480,Nariño,127,3,0,0,0,0,34,0,0,28,501,85,19,0,0,0,0,0,0,0,0
52490,Olaya Herrera,28,79,0,0,2,7,28,0,0,15,259,536,2896,0,0,0,0,0,0,0,0
52506,Ospina,143,2,0,0,2,0,27,0,0,22,359,80,0,0,0,0,0,0,0,0,0
52520,Francisco Pizarro,0,17,0,0,1,0,10,0,0,9,124,146,1238,0,0,0,0,0,0,0,0
52540,Policarpa,213,10,0,0,1,8,66,0,0,47,968,232,122,0,0,0,0,0,0,0,0
52560,Potosí,119,2,0,0,1,0,38,0,0,27,544,53,2,0,0,0,0,0,0,0,0
52565,Providencia,91,0,0,0,0,0,17,0,0,28,282,79,15,0,0,0,0,0,0,0,0
52573,Puerres,511,0,0,0,3,0,49,0,0,37,659,207,51,0,0,0,0,0,0,0,0
52585,Pupiales,349,5,0,0,2,0,81,0,0,55,1110,245,3,0,0,0,0,0,0,0,0
52612,Ricaurte,8,6,0,0,17,63,72,0,0,24,459,453,1044,0,0,0,0,0,0,0,0
52621,Roberto Payán,3,15,0,0,1,3,15,0,0,11,203,75,1153,0,0,0,0,0,0,0,0
52678,Samaniego,343,1,0,0,23,86,157,0,0,120,1772,327,232,0,0,0,0,0,0,0,0
52683,Sandoná,342,11,0,0,8,3,184,0,0,153,2603,366,32,0,0,0,0,0,0,0,0
52685,San Bernardo,171,0,0,0,1,0,24,0,0,21,392,43,3,0,0,0,0,0,0,0,0
52687,San Lorenzo,591,0,0,0,0,1,13,0,0,24,282,121,3,0,0,0,0,0,0,0,0
52693,San Pablo,179,2,0,0,1,0,70,0,0,44,969,166,3,0,0,0,0,0,0,0,0
52694,San Pedro de Cartago,48,1,0,0,0,0,9,0,0,8,162,33,0,0,0,0,0,0,0,0,0
52696,Santa Bárbara,7,3,0,0,3,11,25,0,0,7,176,38,1298,0,0,0,0,0,0,0,0
52699,Santacruz,146,0,0,0,2,1,28,0,0,37,408,28,176,0,0,0,0,0,0,0,0
52720,Sapuyes,58,0,0,0,0,0,24,0,0,46,494,88,1,0,0,0,0,0,0,0,0
52786,Taminango,505,7,0,0,3,6,106,0,0,89,1617,518,15,0,0,0,0,0,0,0,0
52788,Tangua,396,1,0,0,0,0,24,0,0,15,320,143,3,0,0,0,0,0,0,0,0
52835,San Andrés de Tumaco,78,882,228,0,0,184,933,0,0,209,5845,3575,12853,55,916,1581,0,0,0,0,0
52838,Túquerres,312,94,0,0,0,5,0,0,0,39,156,496,27,0,0,0,0,0,0,0,0
52885,Yacuanquer,357,4,0,0,12,0,57,0,0,25,467,155,3,0,0,0,0,0,0,0,0
54001,Cúcuta,1267,1446,9899,0,0,859,15296,0,0,1538,71152,28113,8861,1855,2686,21481,853,0,0,0,0
54003,Abrego,352,102,0,0,10,4,204,0,0,131,2748,300,14,0,0,0,0,0,0,0,0
54051,Arboledas,246,2,0,0,1,1,25,0,0,16,359,102,16,0,0,0,0,0,0,0,0
54099,Bochalema,225,5,0,0,3,0,71,0,0,33,875,335,23,0,0,0,0,0,0,0,0
54109,Bucarasica,92,1,0,0,0,0,12,0,0,12,205,61,3,0,0,0,0,0,0,0,0
54125,Cácota,117,0,0,0,0,0,5,0,0,5,91,30,0,0,0,0,0,0,0,0,0
54128,Cachirá,172,9,0,0,0,1,35,0,0,23,511,127,3,0,0,0,0,0,0,0,0
54172,Chinácota,264,7,0,0,6,11,190,0,0,86,2333,1160,13,0,0,0,0,0,0,0,0
54174,Chitagá,186,0,0,0,0,2,42,0,0,30,590,91,23,0,0,0,0,0,0,0,0
54206,Convención,751,9,0,0,0,33,87,0,0,70,1339,441,113,0,0,0,0,0,0,0,0
54223,Cucutilla,225,3,0,0,0,0,19,0,0,11,227,136,1,0,0,0,0,0,0,0,0
54239,Durania,261,16,0,0,1,2,24,0,0,13,299,91,9,0,0,0,0,0,0,0,0
54245,El Carmen,618,2,0,0,0,11,42,0,0,38,708,220,118,0,0,0,0,0,0,0,0
54250,El Tarra,134,3,0,0,0,20,74,0,0,67,1200,319,582,0,0,0,0,0,0,0,0
54261,El Zulia,142,13,0,0,3,29,247,0,0,149,3423,373,268,0,0,0,0,0,0,0,0
54313,Gramalote,21,17,0,0,33,4,106,0,0,12,338,151,8,0,0,0,0,0,0,0,0
54344,Hacarí,444,2,0,0,0,2,21,0,0,17,326,52,55,0,0,0,0,0,0,0,0
54347,Herrán,48,5,0,0,0,0,9,0,0,6,146,11,14,0,0,0,0,0,0,0,0
54377,Labateca,79,0,0,0,1,0,21,0,0,9,255,37,1,0,0,0,0,0,0,0,0
54385,La Esperanza,15,3,0,0,0,7,58,0,0,49,933,136,68,0,0,0,0,0,0,0,0
54398,La Playa,248,0,0,0,0,0,11,0,0,7,171,74,1,0,0,0,0,0,0,0,0
54405,Los Patios,20,85,900,0,0,145,1674,0,0,81,11419,2821,282,226,350,3247,0,0,0,0,0
54418,Lourdes,110,1,0,0,0,0,22,0,0,14,305,96,5,0,0,0,0,0,0,0,0
54480,Mutiscua,77,0,0,0,0,0,11,0,0,7,171,24,0,0,0,0,0,0,0,0,0
54498,Ocaña,844,18,2070,0,0,160,1617,0,0,244,12756,2233,282,516,45,3608,0,0,0,0,0
54518,Pamplona,459,16,922,0,0,4,659,0,0,26,4647,897,27,232,42,1321,0,0,0,0,0
54520,Pamplonita,39,3,0,0,1,0,24,0,0,12,305,64,2,0,0,0,0,0,0,0,0
54553,Puerto Santander,1,0,0,0,0,16,82,0,0,60,1233,100,67,0,0,0,0,0,0,0,0
54599,Ragonvalia,101,10,0,0,0,0,34,0,0,18,458,75,5,0,0,0,0,0,0,0,0
54660,Salazar,400,5,0,0,1,0,55,0,0,38,762,273,23,0,0,0,0,0,0,0,0
54670,San Calixto,261,0,0,0,0,8,21,0,0,20,361,54,27,0,0,0,0,0,0,0,0
54673,San Cayetano,208,0,0,0,0,25,77,0,0,51,1147,291,54,0,0,0,0,0,0,0,0
54680,Santiago,75,3,0,0,0,0,21,0,0,15,338,59,3,0,0,0,0,0,0,0,0
54720,Sardinata,206,22,0,0,2,3,142,0,0,105,2127,287,202,0,0,0,0,0,0,0,0
54743,Silos,181,1,0,0,0,0,30,0,0,21,447,101,2,0,0,0,0,0,0,0,0
54800,Teorama,208,0,0,0,0,2,24,0,0,29,441,73,42,0,0,0,0,0,0,0,0
54810,Tibú,43,20,0,0,0,164,0,0,0,25,99,633,1961,0,0,0,0,0,0,0,0
54820,Toledo,328,3,0,0,1,4,90,0,0,55,1232,227,207,0,0,0,0,0,0,0,0
54871,Villa Caro,296,0,0,0,1,1,19,0,0,12,271,121,1,0,0,0,0,0,0,0,0
54874,Villa del Rosario,170,70,985,0,0,246,1756,0,0,181,12296,4219,510,246,598,3487,0,0,0,0,0
63001,Armenia,424,818,3012,0,0,577,7227,0,0,257,31044,5594,1325,565,4057,9407,307,0,0,0,0
63111,Buenavista,4,3,0,0,1,3,27,0,0,13,332,27,6,0,0,0,0,0,0,0,0
63130,Calarca,127,169,761,0,0,319,1385,0,0,86,8609,1080,352,190,748,2440,0,0,0,0,0
63190,Circasia,94,57,0,0,0,49,0,0,0,15,63,423,173,0,0,0,0,0,0,0,0
63212,Córdoba,21,2,0,0,1,2,58,0,0,32,726,43,14,0,0,0,0,0,0,0,0
63272,Filandia,31,45,0,0,31,9,169,0,0,57,1291,118,28,0,0,0,0,0,0,0,0
63302,Génova,201,5,0,0,10,1,65,0,0,29,608,72,19,0,0,0,0,0,0,0,0
63401,La Tebaida,20,27,0,0,0,94,0,0,0,3,13,433,146,0,0,0,0,0,0,0,0
63470,Montenegro,181,19,0,0,0,191,0,0,0,20,81,391,274,0,0,0,0,0,0,0,0
63548,Pijao,111,1,0,0,1,1,34,0,0,20,439,60,7,0,0,0,0,0,0,0,0
63594,Quimbaya,148,15,0,0,0,28,0,0,0,14,54,368,63,0,0,0,0,0,0,0,0
63690,Salento,119,19,0,0,6,38,72,0,0,31,751,91,68,0,0,0,0,0,0,0,0
66001,Pereira,803,787,6404,0,0,815,8851,0,0,479,38132,9960,2191,1198,6494,11410,600,0,0,0,0
66045,Apía,253,144,0,0,38,2,136,0,0,31,628,135,4,0,0,0,0,0,0,0,0
66075,Balboa,53,16,0,0,1,4,28,0,0,17,338,32,17,0,0,0,0,0,0,0,0
66088,Belén de Umbría,260,9,0,0,39,7,250,0,0,88,2109,349,20,0,0,0,0,0,0,0,0
66170,Dosquebradas,141,169,3270,0,0,92,4728,0,0,127,20069,4081,287,612,2573,6065,300,0,0,0,0
66318,Guática,314,3,0,0,4,3,66,0,0,37,823,106,9,0,0,0,0,0,0,0,0
66383,La Celia,75,10,0,0,12,0,59,0,0,24,469,63,41,0,0,0,0,0,0,0,0
66400,La Virginia,17,56,0,0,0,11,0,0,0,2,9,526,30,0,0,0,0,0,0,0,0
66440,Marsella,308,16,0,0,71,53,270,0,0,69,1448,162,142,0,0,0,0,0,0,0,0
66456,Mistrató,147,29,0,0,1,36,68,0,0,50,932,243,224,0,0,0,0,0,0,0,0
66572,Pueblo Rico,40,10,0,0,42,45,153,0,0,43,783,227,271,0,0,0,0,0,0,0,0
66594,Quinchía,222,16,0,0,10,52,149,0,0,80,1795,368,78,0,0,0,0,0,0,0,0
66682,Santa Rosa de Cabal,623,77,1103,0,0,106,1155,0,0,63,6556,1390,243,277,965,1838,0,0,0,0,0
66687,Santuario,383,20,0,0,4,2,87,0,0,56,1046,138,16,0,0,0,0,0,0,0,0
68001,Bucaramanga,517,646,9743,0,0,65,4169,0,0,211,18304,2661,515,1826,2112,5559,669,0,0,0,0
68013,Aguada,28,0,0,0,0,0,4,0,0,1,59,18,0,0,0,0,0,0,0,0,0
68020,Albania,30,4,0,0,0,0,10,0,0,4,110,33,15,0,0,0,0,0,0,0,0
68051,Aratoca,61,3,0,0,0,0,28,0,0,20,405,28,4,0,0,0,0,0,0,0,0
68077,Barbosa,4,19,0,0,0,9,0,0,0,5,23,782,50,0,0,0,0,0,0,0,0
68079,Barichara,508,3,0,0,1,0,30,0,0,11,360,330,2,0,0,0,0,0,0,0,0
68081,Barrancabermeja,56,150,2768,0,0,89,3084,0,0,487,24287,4526,3081,0,0,0,0,521,488,6823,197
68092,Betulia,165,36,0,0,1,5,28,0,0,18,380,227,121,0,0,0,0,0,0,0,0
68101,Bolívar,120,12,0,0,0,0,23,0,0,14,319,104,78,0,0,0,0,0,0,0,0
68121,Cabrera,37,0,0,0,0,0,3,0,0,2,46,9,1,0,0,0,0,0,0,0,0
68132,California,64,1,0,0,0,0,12,0,0,4,140,14,0,0,0,0,0,0,0,0,0
68147,Capitanejo,166,3,0,0,0,0,35,0,0,20,516,104,0,0,0,0,0,0,0,0,0
68152,Carcasí,131,2,0,0,0,0,6,0,0,5,115,59,3,0,0,0,0,0,0,0,0
68160,Cepitá,62,0,0,0,0,0,6,0,0,3,73,24,0,0,0,0,0,0,0,0,0
68162,Cerrito,43,4,0,0,0,0,33,0,0,23,481,54,4,0,0,0,0,0,0,0,0
68167,Charalá,290,5,0,0,2,3,116,0,0,57,1456,289,7,0,0,0,0,0,0,0,0
68169,Charta,23,1,0,0,0,0,16,0,0,8,204,79,1,0,0,0,0,0,0,0,0
68176,Chima,23,0,0,0,0,0,12,0,0,5,174,37,2,0,0,0,0,0,0,0,0
68179,Chipatá,4,1,0,0,15,0,41,0,0,4,108,46,1,0,0,0,0,0,0,0,0
68190,Cimitarra,4,17,0,0,9,12,242,0,0,159,3321,1414,785,0,0,0,0,0,0,0,0
68207,Concepción,157,3,0,0,0,1,35,0,0,20,498,114,0,0,0,0,0,0,0,0,0
68209,Confines,8,2,0,0,0,1,8,0,0,5,124,25,0,0,0,0,0,0,0,0,0
68211,Contratación,488,1,0,0,1,0,24,0,0,10,294,147,1,0,0,0,0,0,0,0,0
68217,Coromoro,39,0,0,0,2,0,24,0,0,13,287,100,3,0,0,0,0,0,0,0,0
68229,Curití,186,2,0,0,2,0,67,0,0,33,851,178,3,0,0,0,0,0,0,0,0
68235,El Carmen de Chucurí,1,2,0,0,0,0,32,0,0,23,483,27,122,0,0,0,0,0,0,0,0
68245,El Guacamayo,31,0,0,0,0,0,10,0,0,8,148,43,1,0,0,0,0,0,0,0,0
68250,El Peñón,41,0,0,0,0,0,11,0,0,12,214,160,88,0,0,0,0,0,0,0,0
68255,El Playón,36,3,0,0,0,50,80,0,0,71,1331,222,247,0,0,0,0,0,0,0,0
68264,Encino,9,0,0,0,0,0,8,0,0,5,131,28,1,0,0,0,0,0,0,0,0
68266,Enciso,51,0,0,0,0,0,14,0,0,8,183,33,0,0,0,0,0,0,0,0,0
68271,Florián,2,0,0,0,0,0,26,0,0,17,344,182,46,0,0,0,0,0,0,0,0
68276,Floridablanca,44,859,8663,0,0,110,3422,0,0,103,14863,2216,600,1621,1214,4528,581,0,0,0,0
68296,Galán,39,0,0,0,0,0,2,0,0,0,22,12,0,0,0,0,0,0,0,0,0
68298,Gambita,20,0,0,0,0,4,10,0,0,7,150,46,20,0,0,0,0,0,0,0,0
68307,Girón,193,273,3222,0,0,69,1888,0,0,117,13106,1884,335,805,381,3737,0,0,0,0,0
68318,Guaca,148,2,0,0,1,0,23,0,0,13,306,170,0,0,0,0,0,0,0,0,0
68320,Guadalupe,45,2,0,0,0,0,32,0,0,16,406,90,0,0,0,0,0,0,0,0,0
68322,Guapotá,35,0,0,0,0,0,8,0,0,5,118,34,1,0,0,0,0,0,0,0,0
68324,Guavatá,39,4,0,0,2,1,23,0,0,11,207,72,8,0,0,0,0,0,0,0,0
68327,Güepsa,2,1,0,0,0,2,44,0,0,27,622,87,4,0,0,0,0,0,0,0,0
68344,Hato,44,0,0,0,0,0,8,0,0,4,111,29,1,0,0,0,0,0,0,0,0
68368,Jesús María,23,0,0,0,0,1,12,0,0,7,164,45,0,0,0,0,0,0,0,0,0
68370,Jordán,16,0,0,0,0,0,0,0,0,0,5,7,0,0,0,0,0,0,0,0,0
68377,La Belleza,16,2,0,0,0,0,23,0,0,17,342,92,115,0,0,0,0,0,0,0,0
68385,Landázuri,4,4,0,0,0,1,52,0,0,37,782,181,94,0,0,0,0,0,0,0,0
68397,La Paz,31,1,0,0,0,0,18,0,0,9,240,66,16,0,0,0,0,0,0,0,0
68406,Lebríja,48,10,0,0,0,48,0,0,0,2,8,493,71,0,0,0,0,0,0,0,0
68418,Los Santos,128,1,0,0,0,1,28,0,0,15,363,79,0,0,0,0,0,0,0,0,0
68425,Macaravita,38,0,0,0,0,0,4,0,0,2,59,14,0,0,0,0,0,0,0,0,0
68432,Málaga,89,15,0,0,5,0,241,0,0,106,2987,406,0,0,0,0,0,0,0,0,0
68444,Matanza,74,7,0,0,0,0,14,0,0,6,165,55,0,0,0,0,0,0,0,0,0
68464,Mogotes,302,2,0,0,2,2,50,0,0,34,721,179,2,0,0,0,0,0,0,0,0
68468,Molagavita,122,4,0,0,3,0,11,0,0,2,75,39,1,0,0,0,0,0,0,0,0
68498,Ocamonte,23,4,0,0,0,0,13,0,0,6,171,40,0,0,0,0,0,0,0,0,0
68500,Oiba,53,4,0,0,1,5,78,0,0,37,1015,158,15,0,0,0,0,0,0,0,0
68502,Onzaga,191,3,0,0,1,0,16,0,0,10,212,180,0,0,0,0,0,0,0,0,0
68522,Palmar,51,0,0,0,0,0,7,0,0,5,107,42,0,0,0,0,0,0,0,0,0
68524,Palmas del Socorro,2,0,0,0,0,0,9,0,0,6,149,24,1,0,0,0,0,0,0,0,0
68533,Páramo,28,5,0,0,0,1,20,0,0,12,293,31,1,0,0,0,0,0,0,0,0
68547,Piedecuesta,398,755,2175,0,0,18,1912,0,0,90,13184,3434,57,545,354,3760,0,0,0,0,0
68549,Pinchote,17,0,0,0,0,0,21,0,0,8,276,75,1,0,0,0,0,0,0,0,0
68572,Puente Nacional,24,6,0,0,3,0,101,0,0,47,1222,271,5,0,0,0,0,0,0,0,0
68573,Puerto Parra,2,1,0,0,0,7,59,0,0,53,992,444,374,0,0,0,0,0,0,0,0
68575,Puerto Wilches,26,26,0,0,0,110,0,0,0,93,374,1749,1371,0,0,0,0,0,0,0,0
68615,Rionegro,135,4,0,0,1,22,147,0,0,103,2142,290,255,0,0,0,0,0,0,0,0
68655,Sabana de Torres,10,33,0,0,0,276,0,0,0,19,77,2329,882,0,0,0,0,0,0,0,0
68669,San Andrés,412,4,0,0,0,0,36,0,0,18,471,149,0,0,0,0,0,0,0,0,0
68673,San Benito,5,0,0,0,0,1,6,0,0,6,116,28,5,0,0,0,0,0,0,0,0
68679,San Gil,421,79,1327,0,0,0,748,0,0,23,5041,1126,29,332,172,1439,0,0,0,0,0
68682,San Joaquín,77,0,0,0,0,0,11,0,0,7,161,86,0,0,0,0,0,0,0,0,0
68684,San José de Miranda,65,7,0,0,1,0,16,0,0,7,204,45,0,0,0,0,0,0,0,0,0
68686,San Miguel,33,1,0,0,0,0,9,0,0,7,146,23,0,0,0,0,0,0,0,0,0
68689,San Vicente de Chucurí,166,266,0,0,5,42,192,0,0,149,2801,675,491,0,0,0,0,0,0,0,0
68705,Santa Bárbara,41,0,0,0,1,0,6,0,0,3,53,14,0,0,0,0,0,0,0,0,0
68720,Santa Helena del Opón,79,3,0,0,0,0,12,0,0,10,206,101,75,0,0,0,0,0,0,0,0
68745,Simacota,133,2,0,0,0,1,36,0,0,19,509,120,112,0,0,0,0,0,0,0,0
68755,Socorro,255,45,0,0,0,1,0,0,0,1,3,755,3,0,0,0,0,0,0,0,0
68770,Suaita,124,10,0,0,2,6,51,0,0,26,629,216,22,0,0,0,0,0,0,0,0
68773,Sucre,105,2,0,0,0,0,16,0,0,13,240,78,17,0,0,0,0,0,0,0,0
68780,Suratá,92,0,0,0,0,0,14,0,0,9,210,70,3,0,0,0,0,0,0,0,0
68820,Tona,17,1,0,0,0,0,18,0,0,9,235,55,0,0,0,0,0,0,0,0,0
68855,Valle de San José,57,4,0,0,1,0,39,0,0,18,465,54,1,0,0,0,0,0,0,0,0
68861,Vélez,56,9,0,0,91,4,379,0,0,95,2218,390,108,0,0,0,0,0,0,0,0
68867,Vetas,45,1,0,0,0,0,10,0,0,7,140,29,1,0,0,0,0,0,0,0,0
68872,Villanueva,476,3,0,0,0,0,53,0,0,24,661,186,1,0,0,0,0,0,0,0,0
68895,Zapatoca,1031,6,0,0,9,1,76,0,0,25,714,505,1,0,0,0,0,0,0,0,0
70001,Sincelejo,1845,162,4675,0,0,746,3586,0,0,851,28654,5341,2217,0,0,0,0,875,2245,7733,326
70110,Buenavista,133,2,0,0,17,83,111,0,0,104,1325,211,210,0,0,0,0,0,0,0,0
70124,Caimito,551,4,0,0,1,12,67,0,0,125,1404,128,86,0,0,0,0,0,0,0,0
70204,Coloso,33,4,0,0,1,42,16,0,0,32,315,90,660,0,0,0,0,0,0,0,0
70215,Corozal,305,299,635,0,0,416,533,0,0,224,9071,1227,477,0,0,0,0,157,151,2279,0
70221,Coveñas,88,26,0,0,12,55,175,0,0,116,2205,387,226,0,0,0,0,0,0,0,0
70230,Chalán,205,4,0,0,0,11,14,0,0,32,304,73,212,0,0,0,0,0,0,0,0
70233,El Roble,697,0,0,0,0,19,67,0,0,90,1287,306,54,0,0,0,0,0,0,0,0
70235,Galeras,259,13,0,0,3,93,150,0,0,203,2662,383,150,0,0,0,0,0,0,0,0
70265,Guaranda,6,4,0,0,1,10,76,0,0,118,1470,279,275,0,0,0,0,0,0,0,0
70400,La Unión,338,3,0,0,6,8,56,0,0,84,911,69,15,0,0,0,0,0,0,0,0
70418,Los Palmitos,167,3,0,0,3,79,215,0,0,216,3540,368,121,0,0,0,0,0,0,0,0
70429,Majagual,114,18,0,0,2,58,121,0,0,255,2554,422,655,0,0,0,0,0,0,0,0
70473,Morroa,132,9,0,0,5,100,146,0,0,128,2191,303,167,0,0,0,0,0,0,0,0
70508,Ovejas,715,7,0,0,6,60,209,0,0,205,3346,584,180,0,0,0,0,0,0,0,0
70523,Palmito,233,1,0,0,8,60,44,0,0,44,498,84,68,0,0,0,0,0,0,0,0
70670,Sampués,585,4,0,0,0,358,0,0,0,134,537,554,430,0,0,0,0,0,0,0,0
70678,San Benito Abad,387,4,0,0,1,269,171,0,0,266,3336,881,466,0,0,0,0,0,0,0,0
70702,San Juan de Betulia,167,3,0,0,0,75,107,0,0,95,1709,118,116,0,0,0,0,0,0,0,0
70708,San Marcos,1003,12,166,0,0,180,270,0,0,377,6238,1081,211,0,0,0,0,40,136,1380,0
70713,San Onofre,967,39,83,0,0,395,217,0,0,244,5035,1723,948,0,0,0,0,20,40,1177,0
70717,San Pedro,74,4,0,0,3,163,175,0,0,187,2901,316,339,0,0,0,0,0,0,0,0
70742,San Luis de Sincé,480,1,0,0,0,613,0,0,0,67,264,497,1271,0,0,0,0,0,0,0,0
70771,Sucre,492,51,0,0,4,80,88,0,0,197,1849,317,637,0,0,0,0,0,0,0,0
70820,Santiago de Tolú,468,26,0,0,0,74,0,0,0,99,393,1072,462,0,0,0,0,0,0,0,0
70823,Tolú Viejo,36,13,0,0,32,97,181,0,0,116,1793,485,746,0,0,0,0,0,0,0,0
73001,Ibagué,395,323,15499,0,0,295,9990,0,0,875,45834,8456,890,2907,2884,13929,1102,0,0,0,0
73024,Alpujarra,349,1,0,0,1,2,25,0,0,17,370,261,3,0,0,0,0,0,0,0,0
73026,Alvarado,27,3,0,0,0,2,48,0,0,36,753,146,7,0,0,0,0,0,0,0,0
73030,Ambalema,177,9,0,0,2,32,65,0,0,51,994,370,17,0,0,0,0,0,0,0,0
73043,Anzoátegui,25,1,0,0,0,0,25,0,0,22,367,107,120,0,0,0,0,0,0,0,0
73055,Armero,111,30,0,0,29,28,196,0,0,113,2113,610,73,0,0,0,0,0,0,0,0
73067,Ataco,409,6,0,0,4,18,82,0,0,75,1285,467,42,0,0,0,0,0,0,0,0
73124,Cajamarca,44,10,0,0,2,7,141,0,0,76,1872,133,27,0,0,0,0,0,0,0,0
73148,Carmen de Apicalá,40,26,0,0,12,4,128,0,0,65,1486,1217,21,0,0,0,0,0,0,0,0
73152,Casabianca,6,6,0,0,14,2,53,0,0,19,319,98,118,0,0,0,0,0,0,0,0
73168,Chaparral,711,55,0,0,0,96,0,0,0,31,128,1197,125,0,0,0,0,0,0,0,0
73200,Coello,135,2,0,0,0,7,52,0,0,44,856,253,22,0,0,0,0,0,0,0,0
73217,Coyaima,519,8,0,0,1,41,75,0,0,73,1194,568,86,0,0,0,0,0,0,0,0
73226,Cunday,239,10,0,0,2,3,50,0,0,38,725,269,25,0,0,0,0,0,0,0,0
73236,Dolores,205,4,0,0,2,1,34,0,0,26,493,75,5,0,0,0,0,0,0,0,0
73268,Espinal,77,37,497,0,0,30,1178,0,0,168,9147,1775,37,126,89,2599,0,0,0,0,0
73270,Falan,2,0,0,0,2,4,30,0,0,19,377,69,36,0,0,0,0,0,0,0,0
73275,Flandes,200,23,0,0,0,27,0,0,0,4,15,6364,44,0,0,0,0,0,0,0,0
73283,Fresno,6,8,0,0,25,9,236,0,0,125,2529,151,188,0,0,0,0,0,0,0,0
73319,Guamo,246,10,0,0,4,55,269,0,0,208,4159,829,41,0,0,0,0,0,0,0,0
73347,Herveo,4,2,0,0,1,18,43,0,0,45,654,236,117,0,0,0,0,0,0,0,0
73349,Honda,7,12,0,0,0,89,0,0,0,8,33,1369,55,0,0,0,0,0,0,0,0
73352,Icononzo,117,48,0,0,1,7,58,0,0,37,802,139,26,0,0,0,0,0,0,0,0
73408,Lérida,93,353,0,0,15,71,240,0,0,164,3248,765,119,0,0,0,0,0,0,0,0
73411,Líbano,47,15,0,0,0,29,0,0,0,28,113,909,343,0,0,0,0,0,0,0,0
73443,Mariquita,5,11,0,0,0,30,0,0,0,3,12,1244,102,0,0,0,0,0,0,0,0
73449,Melgar,27,67,0,0,0,27,0,0,0,5,24,1991,43,0,0,0,0,0,0,0,0
73461,Murillo,1,46,0,0,3,1,23,0,0,17,272,132,104,0,0,0,0,0,0,0,0
73483,Natagaima,665,5,0,0,2,24,82,0,0,69,1288,390,28,0,0,0,0,0,0,0,0
73504,Ortega,517,76,0,0,4,9,96,0,0,82,1475,432,42,0,0,0,0,0,0,0,0
73520,Palocabildo,0,56,0,0,27,7,96,0,0,25,512,117,105,0,0,0,0,0,0,0,0
73547,Piedras,164,17,0,0,0,5,54,0,0,41,851,222,10,0,0,0,0,0,0,0,0
73555,Planadas,160,19,0,0,5,23,110,0,0,99,1669,413,534,0,0,0,0,0,0,0,0
73563,Prado,102,1,0,0,0,17,61,0,0,51,980,318,30,0,0,0,0,0,0,0,0
73585,Purificación,390,12,0,0,5,44,243,0,0,179,3641,799,64,0,0,0,0,0,0,0,0
73616,Rioblanco,174,9,0,0,0,6,85,0,0,76,1333,364,205,0,0,0,0,0,0,0,0
73622,Roncesvalles,12,4,0,0,0,1,12,0,0,25,240,78,181,0,0,0,0,0,0,0,0
73624,Rovira,556,65,0,0,3,15,143,0,0,117,2187,506,75,0,0,0,0,0,0,0,0
73671,Saldaña,56,8,0,0,1,6,123,0,0,96,1929,316,12,0,0,0,0,0,0,0,0
73675,San Antonio,228,24,0,0,0,3,61,0,0,62,1060,278,38,0,0,0,0,0,0,0,0
73678,San Luis,92,8,0,0,0,8,101,0,0,86,1638,340,13,0,0,0,0,0,0,0,0
73686,Santa Isabel,2,0,0,0,1,0,27,0,0,24,378,116,228,0,0,0,0,0,0,0,0
73770,Suárez,26,1,0,0,0,1,5,0,0,4,83,9,2,0,0,0,0,0,0,0,0
73854,Valle de San Juan,208,0,0,0,0,4,26,0,0,23,422,144,12,0,0,0,0,0,0,0,0
73861,Venadillo,92,6,0,0,1,15,127,0,0,110,2076,258,40,0,0,0,0,0,0,0,0
73870,Villahermosa,20,33,0,0,14,2,68,0,0,38,546,162,264,0,0,0,0,0,0,0,0
73873,Villarrica,149,7,0,0,0,1,32,0,0,33,555,208,75,0,0,0,0,0,0,0,0
76020,Alcalá,147,19,0,0,3,133,127,0,0,80,1803,182,157,0,0,0,0,0,0,0,0
76036,Andalucía,121,8,0,0,9,19,299,0,0,161,3914,359,36,0,0,0,0,0,0,0,0
76041,Ansermanuevo,173,5,0,0,3,10,142,0,0,81,1866,280,23,0,0,0,0,0,0,0,0
76054,Argelia,163,1,0,0,1,10,39,0,0,33,551,68,16,0,0,0,0,0,0,0,0
76100,Bolívar,336,6,0,0,3,12,161,0,0,94,2176,525,89,0,0,0,0,0,0,0,0
76109,Buenaventura,96,1038,3618,0,0,86,3962,0,0,639,18764,10189,13291,678,3195,5527,329,0,0,0,0
76111,Guadalajara de Buga,391,84,1405,0,0,20,2528,0,0,87,16359,1967,188,351,809,4673,0,0,0,0,0
76113,Bugalagrande,201,5,0,0,5,69,293,0,0,151,3817,441,118,0,0,0,0,0,0,0,0
76122,Caicedonia,86,5,0,0,0,17,0,0,0,10,40,290,29,0,0,0,0,0,0,0,0
76126,Calima,87,80,0,0,21,8,202,0,0,83,2065,674,206,0,0,0,0,0,0,0,0
76130,Candelaria,37,43,800,0,0,51,1584,0,0,117,11329,1011,111,200,97,3233,0,0,0,0,0
76147,Cartago,179,53,803,0,0,58,2652,0,0,99,17750,2527,155,198,691,5070,0,0,0,0,0
76233,Dagua,610,199,0,0,0,23,0,0,0,15,60,2128,786,0,0,0,0,0,0,0,0
76243,El Águila,240,8,0,0,1,20,38,0,0,31,566,169,36,0,0,0,0,0,0,0,0
76246,El Cairo,511,12,0,0,1,5,19,0,0,19,253,101,17,0,0,0,0,0,0,0,0
76248,El Cerrito,47,273,811,0,0,7,1039,0,0,59,6494,1020,48,202,567,1853,0,0,0,0,0
76250,El Dovio,214,0,0,0,1,15,93,0,0,58,1318,152,29,0,0,0,0,0,0,0,0
76275,Florida,242,19,446,0,0,40,964,0,0,76,6696,994,220,111,60,1915,0,0,0,0,0
76306,Ginebra,49,10,0,0,2,4,245,0,0,126,3226,283,87,0,0,0,0,0,0,0,0
76318,Guacarí,14,11,0,0,0,27,0,0,0,4,15,288,33,0,0,0,0,0,0,0,0
76364,Jamundí,272,615,1723,0,0,142,2037,0,0,126,13631,4691,479,430,484,3886,0,0,0,0,0
76377,La Cumbre,245,89,0,0,3,13,89,0,0,56,1143,844,98,0,0,0,0,0,0,0,0
76400,La Unión,281,5,0,0,0,42,0,0,0,5,19,557,54,0,0,0,0,0,0,0,0
76403,La Victoria,118,10,0,0,128,10,463,0,0,87,2206,432,18,0,0,0,0,0,0,0,0
76497,Obando,138,19,0,0,17,44,190,0,0,85,2047,237,59,0,0,0,0,0,0,0,0
76520,Palmira,336,222,5069,0,0,75,9146,0,0,442,40627,6240,288,949,1015,12351,450,0,0,0,0
76563,Pradera,78,67,205,0,0,26,782,0,0,100,5963,748,65,50,44,1692,0,0,0,0,0
76606,Restrepo,167,27,0,0,3,10,131,0,0,71,1644,233,26,0,0,0,0,0,0,0,0
76616,Riofrío,279,8,0,0,2,13,140,0,0,84,1919,249,51,0,0,0,0,0,0,0,0
76622,Roldanillo,147,14,0,0,0,16,0,0,0,4,16,1029,25,0,0,0,0,0,0,0,0
76670,San Pedro,33,9,0,0,10,7,221,0,0,101,2633,212,39,0,0,0,0,0,0,0,0
76736,Sevilla,414,55,0,0,0,95,0,0,0,53,213,582,180,0,0,0,0,0,0,0,0
76823,Toro,660,4,0,0,6,16,155,0,0,85,2004,382,23,0,0,0,0,0,0,0,0
76828,Trujillo,596,127,0,0,25,38,171,0,0,77,1607,243,83,0,0,0,0,0,0,0,0
76834,Tuluá,190,177,6378,0,0,104,4444,0,0,185,19348,2370,407,1194,769,5853,504,0,0,0,0
76845,Ulloa,84,24,0,0,3,24,44,0,0,29,595,114,30,0,0,0,0,0,0,0,0
76863,Versalles,409,20,0,0,4,6,57,0,0,41,718,281,49,0,0,0,0,0,0,0,0
76869,Vijes,114,14,0,0,1,9,128,0,0,74,1786,321,23,0,0,0,0,0,0,0,0
76890,Yotoco,93,4,0,0,3,7,194,0,0,105,2553,269,57,0,0,0,0,0,0,0,0
76892,Yumbo,243,279,1684,0,0,152,1523,0,0,157,11314,1889,732,421,132,3213,0,0,0,0,0
76895,Zarzal,128,17,0,0,0,49,0,0,0,3,15,838,87,0,0,0,0,0,0,0,0
81001,Arauca,53,157,809,0,0,2461,523,0,0,180,8890,2882,207,0,0,0,0,202,151,2296,0
81065,Arauquita,24,335,0,0,0,466,0,0,0,35,139,1178,2521,0,0,0,0,0,0,0,0
81220,Cravo Norte,280,28,0,0,0,38,25,0,0,26,409,199,4,0,0,0,0,0,0,0,0
81300,Fortul,5,79,0,0,0,162,107,0,0,104,1770,774,1111,0,0,0,0,0,0,0,0
81591,Puerto Rondón,41,106,0,0,1,45,41,0,0,35,645,218,25,0,0,0,0,0,0,0,0
81736,Saravena,12,233,279,0,0,811,628,0,0,229,5780,1828,2268,72,12,1587,0,0,0,0,0
81794,Tame,167,137,0,0,0,373,0,0,0,37,146,1637,1173,0,0,0,0,0,0,0,0
85001,Yopal,17,196,3784,0,0,1562,2476,0,0,289,18022,4594,110,944,515,5103,0,0,0,0,0
85010,Aguazul,1,18,0,0,0,115,0,0,0,4,17,748,20,0,0,0,0,0,0,0,0
85015,Chameza,4,1,0,0,0,0,23,0,0,15,346,137,48,0,0,0,0,0,0,0,0
85125,Hato Corozal,240,7,0,0,0,120,79,0,0,81,1341,673,80,0,0,0,0,0,0,0,0
85136,La Salina,0,1,0,0,5,0,19,0,0,5,121,25,1,0,0,0,0,0,0,0,0
85139,Maní,7,15,0,0,3,73,168,0,0,108,2370,611,6,0,0,0,0,0,0,0,0
85162,Monterrey,2,23,0,0,15,49,226,0,0,133,2908,717,38,0,0,0,0,0,0,0,0
85225,Nunchía,57,2,0,0,11,32,65,0,0,37,646,149,19,0,0,0,0,0,0,0,0
85230,Orocué,45,6,0,0,2,120,87,0,0,67,1290,462,13,0,0,0,0,0,0,0,0
85250,Paz de Ariporo,340,35,0,0,0,212,0,0,0,34,135,1290,63,0,0,0,0,0,0,0,0
85263,Pore,53,94,0,0,12,51,105,0,0,75,1275,266,22,0,0,0,0,0,0,0,0
85279,Recetor,1,27,0,0,0,1,6,0,0,5,100,23,24,0,0,0,0,0,0,0,0
85300,Sabanalarga,5,7,0,0,1,2,40,0,0,29,591,161,6,0,0,0,0,0,0,0,0
85315,Sácama,3,2,0,0,0,0,15,0,0,14,246,80,47,0,0,0,0,0,0,0,0
85325,San Luis de Palenque,54,20,0,0,1,13,57,0,0,42,840,134,8,0,0,0,0,0,0,0,0
85400,Támara,133,3,0,0,1,4,19,0,0,19,328,149,20,0,0,0,0,0,0,0,0
85410,Tauramena,5,51,0,0,30,153,291,0,0,137,3111,434,32,0,0,0,0,0,0,0,0
85430,Trinidad,48,10,0,0,7,14,107,0,0,74,1420,292,17,0,0,0,0,0,0,0,0
85440,Villanueva,7,37,0,0,0,124,0,0,0,19,77,946,171,0,0,0,0,0,0,0,0
86001,Mocoa,16,34,0,0,0,29,0,0,0,14,56,936,1013,0,0,0,0,0,0,0,0
86219,Colón,63,1,0,0,5,1,68,0,0,41,841,191,50,0,0,0,0,0,0,0,0
86320,Orito,5,14,0,0,0,30,0,0,0,17,66,1742,2534,0,0,0,0,0,0,0,0
86568,Puerto Asís,13,39,0,0,0,13,0,0,0,27,102,2083,2937,0,0,0,0,0,0,0,0
86569,Puerto Caicedo,8,3,0,0,4,2,82,0,0,58,1127,232,632,0,0,0,0,0,0,0,0
86571,Puerto Guzmán,10,15,0,0,4,54,64,0,0,41,831,428,2388,0,0,0,0,0,0,0,0
86573,Leguízamo,6,31,0,0,12,64,136,0,0,72,1460,339,2315,0,0,0,0,0,0,0,0
86749,Sibundoy,6,30,0,0,3,1,167,0,0,92,2175,194,160,0,0,0,0,0,0,0,0
86755,San Francisco,2,6,0,0,5,1,72,0,0,46,904,261,80,0,0,0,0,0,0,0,0
86757,San Miguel,3,9,0,0,6,2,75,0,0,48,951,319,600,0,0,0,0,0,0,0,0
86760,Santiago,13,4,0,0,0,0,45,0,0,36,718,185,66,0,0,0,0,0,0,0,0
86865,Valle del Guamuez,8,12,0,0,22,7,197,0,0,126,2325,896,1336,0,0,0,0,0,0,0,0
86885,Villagarzón,6,17,0,0,20,8,230,0,0,128,2751,569,1177,0,0,0,0,0,0,0,0
88001,San Andrés,6,414,1146,0,0,3,370,0,0,51,5214,502,796,0,0,0,0,285,215,1373,0
88564,Providencia,3,180,0,0,6,7,53,0,0,20,529,214,438,0,0,0,0,0,0,0,0
91001,Leticia,9,91,0,0,0,65,0,0,0,18,76,452,2901,0,0,0,0,0,0,0,0
91263,El Encanto (ANM),0,7,0,0,0,3,7,0,0,1,53,7,146,0,0,0,0,0,0,0,0
91405,La Chorrera (ANM),1,4,0,0,0,10,4,0,0,1,35,118,259,0,0,0,0,0,0,0,0
91407,La Pedrera (ANM),2,3,0,0,0,11,4,0,0,1,34,90,424,0,0,0,0,0,0,0,0
91430,La Victoria (ANM),0,0,0,0,0,3,0,0,0,0,3,1,18,0,0,0,0,0,0,0,0
91460,Miriti - Paraná (ANM),0,0,0,0,0,8,0,0,0,0,3,0,99,0,0,0,0,0,0,0,0
91530,Puerto Alegría (ANM),0,0,0,0,0,0,0,0,0,0,6,5,94,0,0,0,0,0,0,0,0
91536,Puerto Arica (ANM),0,1,0,0,0,1,0,0,0,0,2,17,110,0,0,0,0,0,0,0,0
91540,Puerto Nariño,0,4,0,0,0,5,8,0,0,8,131,23,936,0,0,0,0,0,0,0,0
91669,Puerto Santander (ANM),0,0,0,0,0,1,0,0,0,0,3,36,139,0,0,0,0,0,0,0,0
91798,Tarapacá (ANM),1,0,0,0,0,2,0,0,0,0,6,40,322,0,0,0,0,0,0,0,0
94001,Inírida,434,15,0,0,17,276,182,0,0,114,2211,695,1213,0,0,0,0,0,0,0,0
94343,Barranco Minas (ANM),6,3,0,0,0,67,1,0,0,1,38,47,518,0,0,0,0,0,0,0,0
94663,Mapiripana (ANM),0,0,0,0,0,7,0,0,0,0,3,23,89,0,0,0,0,0,0,0,0
94883,San Felipe (ANM),19,13,0,0,0,3,0,0,0,0,8,3,98,0,0,0,0,0,0,0,0
94884,Puerto Colombia (ANM),20,2,0,0,0,0,0,0,0,0,0,7,48,0,0,0,0,0,0,0,0
94885,La Guadalupe (ANM),5,1,0,0,0,0,0,0,0,0,2,0,27,0,0,0,0,0,0,0,0
94886,Cacahual (ANM),75,0,0,0,0,9,0,0,0,0,4,35,15,0,0,0,0,0,0,0,0
94887,Pana Pana (ANM),36,3,0,0,0,0,0,0,0,0,0,2,24,0,0,0,0,0,0,0,0
94888,Morichal (ANM),9,0,0,0,0,0,0,0,0,0,2,11,41,0,0,0,0,0,0,0,0
95001,San José del Guaviare,9,161,0,0,0,306,0,0,0,25,106,2319,2396,0,0,0,0,0,0,0,0
95015,Calamar,1,9,0,0,7,21,34,0,0,10,216,302,1054,0,0,0,0,0,0,0,0
95025,El Retorno,8,20,0,0,1,13,51,0,0,33,717,481,1435,0,0,0,0,0,0,0,0
95200,Miraflores,1,5,0,0,0,11,6,0,0,3,83,247,1040,0,0,0,0,0,0,0,0
97001,Mitú,25,12,0,0,13,86,76,0,0,38,675,190,1954,0,0,0,0,0,0,0,0
97161,Caruru,0,2,0,0,0,0,4,0,0,1,32,12,260,0,0,0,0,0,0,0,0
97511,Pacoa (ANM),0,1,0,0,0,63,0,0,0,0,5,13,148,0,0,0,0,0,0,0,0
97666,Taraira,0,0,0,0,0,11,2,0,0,0,14,6,205,0,0,0,0,0,0,0,0
97777,Papunaua (ANM),0,0,0,0,0,0,0,0,0,0,1,16,81,0,0,0,0,0,0,0,0
97889,Yavaraté (ANM),8,0,0,0,0,0,0,0,0,0,4,0,72,0,0,0,0,0,0,0,0
99001,Puerto Carreño,17,13,0,0,37,329,268,0,0,143,2755,802,166,0,0,0,0,0,0,0,0
99524,La Primavera,58,16,0,0,4,134,74,0,0,88,1170,541,239,0,0,0,0,0,0,0,0
99624,Santa Rosalía,33,1,0,0,0,55,35,0,0,39,609,145,80,0,0,0,0,0,0,0,0
99773,Cumaribo,140,39,0,0,1,289,33,0,0,23,424,479,1861,0,0,0,0,0,0,0,0
